"","max_shovel_i1","max_labial_i1","max_distal_c","max_metacone_m1","max_hypocone_m1","max_carabelli_m1","mand_deflect_m1","mand_proto_m1","mand_cusp5_m1","mand_cusp6_m1","mand_cusp7_m1"
"1",0,0,0,0,0,0,0,0,0,0,0
"2",-0.00359999999999983,-0.001,-0.00450000000000017,0.00640000000000002,0.00919999999999999,-0.000299999999999967,NA,0,-0.00370000000000001,-0.000799999999999967,-0.00099999999999989
"3",-0.000900000000000012,-0.00210000000000002,-0.00680000000000003,0.0119,0.0112,-0.00409999999999999,-0.00109999999999988,-0.00149999999999995,-0.0069,-0.00159999999999999,-9.9999999999989e-05
"4",-0.00240000000000001,-0.00219999999999998,-0.0111000000000001,0.0166,0.013,-0.00649999999999995,NA,-0.00309999999999999,-0.0101,0.00219999999999976,-0.00640000000000018
"5",-0.0081,-0.00429999999999975,-0.0088,0.0207,-0.0930000000000001,-0.00800000000000001,-0.000399999999999956,-0.00470000000000004,-0.0133,-0.0025,-0.0108999999999999
"6",NA,NA,-0.00459999999999994,0.0241,-0.1193,-0.00940000000000007,-0.00179999999999991,-0.00629999999999997,0.00549999999999995,-0.00329999999999997,-0.000800000000000023
"7",-0.0045,-0.00459999999999999,-0.0125999999999999,0.0271,0.1975,-0.00990000000000002,-0.00329999999999997,-0.00790000000000002,0.00419999999999998,0.00709999999999988,-0.0145
"8",-0.00600000000000001,-0.00459999999999994,-0.0163000000000002,0.0296,-0.1533,-0.0115,NA,NA,0.00290000000000001,-0.00419999999999998,-0.00170000000000003
"9",-0.0137,-0.00640000000000002,-0.0153,0.0317,0.0286,-0.0116000000000001,-0.00469999999999993,0.000299999999999967,0.00160000000000005,-0.005,-0.00290000000000001
"10",-0.0234999999999999,-0.0051000000000001,-0.019,0.0335,0.0291,-0.0157999999999999,-0.00609999999999999,-0.00939999999999996,0.000299999999999967,0.00600000000000001,-0.004
"11",-0.00830000000000003,-0.00840000000000002,-0.0186,0.035,-0.2045,-0.0189999999999999,NA,NA,-0.0342,-0.00579999999999997,NA
"12",-0.0301,-0.00940000000000002,-0.0219,0.0363,-0.2234,-0.0208999999999999,0.00120000000000009,0.000599999999999934,0.000299999999999967,-0.00659999999999999,-0.00509999999999999
"13",-0.0346,-0.0123,-0.024,0.0373,0.0372,-0.0151999999999999,NA,NA,NA,NA,NA
"14",-0.0101,-0.0113,-0.0238,0.0381,-0.2539,-0.0228999999999999,-0.00749999999999995,0.000799999999999912,-0.0407,-0.00739999999999996,-0.00930000000000003
"15",-0.0262,-0.0174,-0.0269,0.0387,-0.2701,-0.0217000000000001,0.00579999999999981,-0.0108,0.000199999999999978,-0.00819999999999999,-0.0101
"16",-0.0282,0.00310000000000032,-0.0326,0.0391,-0.2855,NA,-0.0089999999999999,-0.0124,NA,NA,-0.0109
"17",-0.0475999999999999,0.000300000000000189,-0.0383,0.0394,-0.3001,-0.0245,-0.0103,-0.0139,-0.047,-0.00900000000000001,-0.00819999999999999
"18",-0.0518999999999998,-0.0142,-0.0271,0.0395,0.4096,-0.0241,-0.0116999999999999,0.00099999999999989,-9.9999999999989e-05,-0.00969999999999999,-0.00929999999999997
"19",-0.0347,-0.0214,-0.0377,0.0396,0.0444,-0.0302,-0.0131,-0.0154,-0.00149999999999995,0.0072000000000001,-0.0104
"20",-0.0141,-0.0161,-0.0442,-0.6164,-0.3319,-0.0315,-0.0144,-0.0169,-0.00290000000000001,-0.0105,-0.0114
"21",-0.0612999999999999,-0.0264,-0.0433,0.0428,-0.3446,-0.0329,-0.0157999999999999,0.00119999999999987,-0.1158,-0.0113,-0.0125
"22",-0.0653999999999999,-0.0179,-0.0279999999999998,0.0424,-0.3568,-0.0349,NA,0.00139999999999985,-0.00119999999999998,-0.0121,NA
"23",-0.0695999999999999,-0.0189,-0.0448,0.0419,0.049,-0.0345,NA,0.00159999999999982,NA,-0.0128,NA
"24",-0.0448,-0.0199,-0.0327999999999999,0.7729,0.4738,-0.0339,NA,0.00190000000000001,-0.0657,0.00790000000000002,-0.0142
"25",-0.0767,0.00500000000000034,-0.0360999999999998,-0.6999,0.0448,-0.0417000000000001,-0.0172,-0.0182,-0.0684,-0.0136,-0.0139
"26",-0.0807,-0.0333,-0.0457,0.0402,-0.3931,-0.0413,-0.0185,0.00209999999999999,-0.1413,-0.0144,-0.0149
"27",-0.0509,-0.0223,-0.0431,NA,NA,NA,NA,NA,NA,NA,NA
"28",-0.0876999999999999,-0.0233,-0.0451,0.0394,0.0451,-0.0383,-0.00669999999999993,-0.0196,0.00209999999999999,-0.0151,-0.016
"29",-0.0548,-0.0243,-0.0474,0.0386,-0.4119,-0.0449,-0.0203,NA,0.000500000000000056,-0.0159,-0.0163
"30",-0.0567,-0.0407,-0.0487000000000002,0.0378,0.0452,-0.0408999999999999,0.0198,0.00229999999999997,-0.00109999999999999,-0.0167,-0.0177
"31",-0.0586,-0.0261,-0.0523,0.0369,-0.4298,-0.0466,0.00659999999999994,0.00249999999999995,-0.00270000000000004,-0.0174,-0.0188
"32",-0.1006,-0.00870000000000015,-0.0531,-0.7858,-0.4391,-0.0543,NA,0.00269999999999992,-0.00429999999999997,-0.0182,-0.0198
"33",-0.0206,-0.0107000000000002,-0.0545,0.0373,-0.4481,-0.0561,-0.0216999999999999,0.0028999999999999,-0.0896,-0.0189,-0.0209
"34",-0.0219,0.00360000000000005,-0.0563,0.8854,NA,-0.0432999999999999,NA,NA,-0.0921,-0.0197,-0.0219
"35",-0.1079,-0.0295,-0.0568,0.0329,0.0464,-0.0595000000000001,-0.0229999999999999,-0.0209,-0.0947,-0.0204,-0.023
"36",-0.0675,-0.0305,NA,0.0318,0.0452,NA,0.00669999999999993,-0.0224,-0.0973,-0.0212,-0.024
"37",NA,-0.0470999999999999,-0.0584,0.0306,0.0439,-0.0612999999999999,-0.0243,-0.0239,-0.0998,-0.0219,-0.025
"38",-0.1145,-0.0322,-0.0621999999999998,0.0295,0.0426,-0.0629999999999999,NA,NA,-0.00290000000000001,-0.0226,-0.0206
"39",-0.1182,-0.0332,-0.0652999999999999,0.0283,-2.5912,-0.0567,-0.0256,-0.0253,-0.1055,-0.0234,-0.0266999999999999
"40",-0.1218,-0.0342,-0.0577,0.0271,0.0475,-0.0448999999999999,-0.0268999999999999,-0.0267999999999999,-0.108,-0.00690000000000002,-0.0276999999999999
"41",0.0253000000000001,-0.0162,NA,-0.8832,-0.5026,-0.0515,-0.0104,-0.0282,-0.00370000000000004,-0.0243,-0.0028999999999999
"42",-0.1258,-0.0361,-0.0664,0.0265,0.0464,-0.0487,-0.0286,-0.0296,-0.1136,-0.0251,-0.024
"43",-0.1293,-0.0190000000000001,-0.064,0.0252,0.0449,-0.0510999999999999,0.00679999999999992,-0.0311,-0.005,-0.0258,-0.0206
"44",-0.1329,-0.0209000000000001,-0.0702,0.0239,0.0435,-0.0744,-0.0298999999999999,-0.0325,-0.00670000000000004,-0.0265,-0.0225
"45",-0.0276,-0.0549999999999999,-0.0664,0.0225,0.0421,-0.0761000000000001,-0.0312,0.00279999999999991,-0.1222,-0.0272,-0.0269
"46",-0.1381,-0.0584,-0.0799999999999998,-1.8823,0.0406,-0.0528999999999999,-0.0325,-0.0339,-0.241,-0.028,-0.03
"47",-0.0853,-0.0404,-0.0829,0.0232,0.0392,-0.0648,-0.0337999999999999,0.0028999999999999,-0.1264,-0.0287,-0.028
"48",-0.1442,-0.0414,-0.0775,0.0218,0.0377,-0.0817000000000001,-0.0349999999999999,-0.0352,-0.1288,-0.0294,-0.0316
"49",-0.0888,-0.0424,-0.0609,0.0203,0.0362,-0.0556999999999999,-0.0363,-0.0366,-0.1311,-0.0301,-0.0327
"50",-0.0905,-0.0434,-0.0629999999999999,0.0189,0.0347999999999999,-0.0634,-0.0375,-0.038,-0.00539999999999996,-0.0309,-0.0337
"51",-0.0922,-0.0222,-0.0651,0.0174,-0.5636,-0.0761,-0.0387999999999999,0.00299999999999989,-0.1365,-0.0316,-0.0255000000000001
"52",-0.0939,-0.0242,-0.0672,0.0159,-0.5697,-0.0657,-0.0399999999999999,-0.0393,-0.2707,-0.0323,-0.0311
"53",-0.0956,-0.0462,-0.0775,0.0144,0.0331,-0.0733,0.0363000000000002,0.00309999999999988,-0.00519999999999998,-0.033,-0.0356
"54",-0.1608,-0.0471,-0.0788,0.0129,0.0316,-0.0683,-0.0413,0.00329999999999986,-0.00700000000000001,-0.0337,NA
"55",-0.099,-0.0481,-0.0893,0.0114,0.0301,NA,-0.0155999999999999,-0.0406,-0.00890000000000002,-0.0344,-0.0196000000000001
"56",-0.0347,-0.0285,-0.1011,NA,NA,NA,NA,NA,NA,NA,NA
"57",-0.0361,-0.0304,-0.1039,0.00990000000000002,0.0285,-0.0569,-0.0429999999999999,0.00349999999999984,-0.1495,-0.0351,-0.0300000000000002
"58",-0.0374,-0.0693999999999999,-0.0582,0.00840000000000002,0.027,-0.0669999999999999,0.0107999999999999,0.00369999999999981,-0.1518,0.0122,-0.0354
"59",0.0276000000000001,-0.0516,-0.0739,0.00690000000000002,0.0254,-0.0693999999999999,0.0367000000000002,0.00390000000000001,-0.0105999999999999,-0.0358,-0.0354000000000001
"60",-0.1064,-0.0313000000000001,-0.0866,0.00530000000000003,-0.607,-0.0775,-0.0441999999999999,-0.0418,-0.157,-0.0365,-0.0375
"61",-0.1746,-0.0535,-0.1102,0.00380000000000003,0.0236999999999999,-0.1022,-0.0454,-0.0432,-0.0125,-0.0372,-0.037
"62",NA,-0.0544,NA,NA,NA,NA,NA,0.004,-0.1622,-0.0379,-0.038
"63",-0.1098,-0.0554,-0.1008,0.00219999999999998,0.0221,-0.1038,-0.0176999999999999,-0.0445,-0.1644,0.0125999999999999,-0.039
"64",-0.0425,-0.0563,-0.0895,0.000599999999999989,0.0205,-0.0662,0.0387,0.00409999999999999,-0.0145,0.0125,-0.04
"65",-0.0439,-0.0364,-0.0909,-0.000900000000000012,0.0189,-0.1063,-0.0470999999999999,-0.0458,-0.1696,0.0123,-0.0379
"66",-0.1836,-0.0384,-0.0785,-0.0025,0.0174,-0.0951,0.0108999999999999,0.00419999999999998,-0.0165,-0.0386,-0.0409
"67",-0.116,-0.0779,-0.0535000000000001,-1.0692,-0.6366,-0.0966,-0.0482999999999999,-0.0471,-0.1747,-0.0393,-0.0417999999999999
"68",-0.1176,-0.0598,-0.0632999999999999,-1.0758,-0.6415,-0.0907,0.0104,0.00439999999999996,-0.1769,-0.04,-0.0415000000000001
"69",-0.0469,-0.0608,-0.0911999999999999,-1.0824,-0.6463,-0.1146,-0.0496,-0.0484,-0.3394,-0.0407,-0.0431
"70",-0.1206,-0.0833999999999999,-0.102,-1.0888,-0.651,-0.1161,-0.0204,NA,-0.1806,-0.0143,-0.0441
"71",-0.0489,-0.0141999999999998,-0.1034,-0.00519999999999998,-0.6556,-0.1012,NA,-0.0497,-0.1827,0.0121,-0.0431000000000001
"72",-0.1237,-0.0861,-0.0858000000000001,-0.00679999999999997,-0.6602,-0.1198,-0.0511999999999999,-0.051,-0.3522,-0.0416,-0.0451
"73",-0.1996,-0.0892999999999999,-0.0989,-1.1062,-0.6647,-0.0855,-0.0522999999999999,-0.0523,-0.1864,-0.0423,-0.0458999999999999
"74",-0.1268,-0.0923999999999999,-0.109,-1.1122,-0.6692,-0.069,NA,0.00419999999999998,-0.1885,-0.0154,-0.0468999999999999
"75",-0.205,-0.0954999999999999,-0.1103,-1.118,-0.6736,-0.0987,-0.0535,-0.0536,-0.1906,-0.0432,-0.0478
"76",-0.13,-0.0658,-0.1291,-0.00969999999999999,-0.6779,-0.1265,-0.0547,-0.0549,-0.5442,-0.0438,-0.0454000000000001
"77",-0.0528,-0.0997,-0.0928000000000002,-1.129,0.0115,-0.1004,-0.0226,-0.0561,-0.1937,-0.0445,-0.0491
"78",-0.1329,-0.1027,-0.1147,-1.1345,-0.6863,-0.1113,0.00960000000000005,-0.0574,-0.0149,-0.0452,-0.0457000000000001
"79",-0.0549,-0.1057,-0.116,-1.1399,-0.6905,-0.093,0.0409999999999999,-0.0587,-0.3803,0.012,-0.05
"80",-0.1359,-0.1087,NA,-0.0129,0.00869999999999993,-0.0649,-0.0562999999999999,-0.06,-0.2,-0.0459,-0.051
"81",-0.1374,-0.0695,-0.1173,-1.1502,-0.6987,-0.1344,0.00930000000000009,-0.0612,-0.3881,-0.0173,-0.0507
"82",-0.0576,-0.1127,-0.1092,-1.1554,-0.7027,-0.0893999999999999,-0.0245,-0.0625,-0.392,-0.0468,-0.0517
"83",-0.059,-0.0711,-0.1113,-0.0157,-0.7067,-0.0917999999999999,-0.0579,-0.0637,-0.205,-0.0474,-0.0524
"84",0.0212000000000001,-0.0274000000000001,-0.1224,-1.1652,-0.7106,-0.139,0.0411999999999999,-0.065,-0.2071,-0.0481,-0.0528999999999999
"85",-0.2239,-0.0729,-0.1237,-1.1702,0.00459999999999994,-0.0754999999999999,-0.0590999999999999,-0.0662,-0.2091,-0.0488,-0.054
"86",-0.0626,-0.1176,-0.1155,-1.175,-1.4396,-0.1405,-0.0257999999999999,-0.0674,-0.2112,-0.0494,-0.0545
"87",-0.2282,-0.0745,-0.1269,-1.1798,-0.722,-0.0987,0.0417000000000001,-0.0687,-0.2132,-0.0501,-0.0548999999999999
"88",-0.1475,-0.1215,-0.1187,-0.02,0.00249999999999995,-0.1435,-0.0263,-0.0699,-0.0161,-0.0508,-0.0562
"89",0.0193000000000001,-0.1244,-0.1487,-1.189,-0.7295,-0.1185,-0.0610999999999999,-0.0711,-0.0182,-0.0514,-0.0582000000000003
"90",-0.067,-0.0264,-0.1204,-1.1936,-0.7332,-0.1471,-0.0274,-0.0723,-0.2207,-0.0521,-0.0583
"91",-0.1517,-0.0777,-0.1125,-1.1981,-0.7368,-0.1109,-0.0281,-0.0735,-0.2228,-0.0527,-0.0567
"92",-0.1531,-0.0786,-0.1525,-1.2025,-0.7404,-0.1219,0.0396000000000001,-0.0747,-0.2248,-0.0205,-0.0577
"93",-0.2396,-0.0796,-0.155,-0.0245,NA,-0.1038,NA,-0.0759,-0.2268,-0.0536,-0.0622000000000003
"94",0.0163,-0.0805,-0.136,-1.2112,-1.4859,-0.154,NA,NA,-0.2288,-0.0542,-0.0638000000000001
"95",-0.1573,-0.0814,-0.1373,-1.2155,-0.7473,-0.1159,0.00580000000000003,-0.0771,-0.4387,-0.0549,-0.0587
"96",-0.1588,-0.1322,-0.1273,-1.2197,-0.00260000000000005,-0.0975999999999999,NA,-0.0782,-0.0221,-0.0555,NA
"97",-0.1602,-0.1349,-0.1295,-1.2239,-0.7543,-0.1113,-0.0630999999999999,-0.0794,-0.2349,-0.0562,-0.0684
"98",-0.0741,-0.0836,-0.1423,-1.228,-0.7577,-0.1138,NA,-0.0806,-0.2368,-0.0568,-0.0596
"99",-0.2508,-0.1387,-0.1657,-1.232,-0.7611,-0.1164,NA,-0.0817,-0.2388,-0.0575,-0.0721000000000003
"100",-0.1645,-0.1414,-0.1442,-1.236,-0.7644,-0.1627,0.00520000000000009,-0.0829,-0.2408,-0.0581,-0.0604
"101",-0.0763,-0.1441,-0.1086,-0.0316,-0.7677,-0.1186,0.00419999999999998,-0.0841,-0.0265,-0.0588,-0.0709
"102",-0.1673,-0.1467,-0.1687,-0.0334,-0.7709,-0.1389,-0.0642999999999999,-0.0852,-0.2455,-0.0594,-0.0671
"103",-0.1687,-0.1494,-0.1711,-0.0351,-0.7742,-0.1676,-0.0653999999999999,-0.0863,-0.2474,-0.06,-0.0678
"104",-0.2613,-0.152,-0.1497,-1.2517,-0.00970000000000004,-0.1122,-0.0666,-0.0875,-0.2494,-0.0607,-0.0627
"105",-0.2638,-0.1546,-0.151,-1.2555,-0.0115000000000001,NA,-0.0677,NA,-0.2513,-0.0613,-0.0743
"106",0.014,-0.089,-0.1774,-1.2593,-0.7841,-0.1343,-0.0688,-0.0886,-0.4754,0.0130000000000001,-0.0883000000000003
"107",-0.1741,-0.0899,-0.1528,-1.263,-0.7872,-0.1092,NA,NA,-0.4786,-0.0619,-0.0634
"108",-0.1755,-0.1591,-0.1817,-1.2666,-0.7903,-0.1718,-0.0699,-0.0897,-0.4818,-0.0626,-0.0644
"109",-0.1769,-0.0914,-0.14,-0.0411,-0.7934,-0.1731,-0.071,-0.0909,-0.2571,-0.0632,-0.0653
"110",-0.2731,-0.1626,-0.1565,-1.274,-0.7965,-0.1402,-0.0331,-0.092,-0.2591,0.0900999999999996,-0.0861000000000001
"111",-0.1796,-0.1651,-0.187,-1.2775,-0.7995,-0.1418,-0.0337,-0.0931,-0.0306999999999999,-0.0641,-0.0742
"112",-0.2776,-0.1676,-0.1428,-1.281,-0.0182,-0.1349,-0.0729,-0.0942,-0.2637,0.0177,-0.0831
"113",-0.1823,-0.1701,-0.1601,-0.0454,-0.02,-0.129,-0.0347999999999999,-0.0953,-0.2656,-0.0647,-0.1029
"114",0.0130000000000001,-0.0171000000000001,-0.1614,-1.2881,-0.8089,-0.149,-0.0744,-0.0964,-0.5006,-0.0654,-0.0665
"115",-0.185,-0.1725,-0.1627,-1.2915,-0.0226000000000001,-0.1429,NA,NA,NA,NA,NA
"116",-0.1863,-0.1749,-0.1481,-1.2949,-0.815,-0.1455,-0.0357999999999999,-0.0975,-0.2688,-0.066,-0.0884
"117",-0.2866,-0.097,-0.1659,-1.2982,-0.8179,-0.1481,-0.0759,-0.0002000000000002,-0.0346,-0.0666,-0.0676
"118",-0.289,-0.1783,-0.1989,-1.3016,-1.6153,-0.1721,-0.077,NA,-0.2733,-0.0672,-0.0685
"119",-0.0892,-0.1807,-0.2012,-2.558,-1.6204,-0.1734,-0.0780999999999999,-0.0985,-0.2752,-0.0678,-0.0797
"120",-0.1916,-0.0991,-0.1681,-1.3079,-0.8259,-0.159,-0.0790999999999999,-0.0996,-0.2771,-0.0684,-0.0909
"121",0.0105000000000002,-0.184,-0.1516,-0.0528,-0.8287,-0.1529,0.00419999999999998,-0.000300000000000189,-0.0391,0.0181,-0.0703
"122",-0.0933,-0.1863,-0.1362,-1.3145,-0.8314,-0.1479,0.00320000000000009,-0.1006,-0.762,-0.0691,-0.0712
"123",-0.0946,-0.1012,-0.1412,-1.3177,-0.8342,-0.1943,0.0436000000000001,-0.1017,-0.2823,-0.0697,-0.0720999999999999
"124",-0.2979,-0.0145000000000002,-0.1763,-0.0564,-0.03,-0.1518,-0.0802999999999999,-0.1027,-0.2842,-0.0703,-0.073
"125",-0.1981,-0.1896,-0.1623,-1.3241,-0.8399,-0.1763,NA,-0.1038,-0.2861,-0.0709,NA
"126",-0.3022,-0.1919,-0.1794,-0.0591,-0.8426,-0.1569,-0.0392,-0.1049,-0.7789,0.0182,-0.0739
"127",-0.097,-0.1942,-0.211,-1.3305,-0.8453,-0.1991,-0.0397999999999999,-0.1059,-0.2886,-0.0715,-0.0748
"128",-0.202,-0.1965,-0.1812,-0.0618,-0.848,-0.2005,-0.0821,-0.107,-0.2905,-0.0721,-0.0757
"129",0.00530000000000008,-0.1988,-0.1662,-0.0636,-0.8506,-0.1809,-0.0831999999999999,-0.108,-0.5419,-0.0727,-0.0996000000000001
"130",-0.1011,0.0840000000000001,-0.2161,-0.0654,-0.0364,-0.2037,NA,-0.109,-0.2936,-0.0733,-0.0856
"131",-0.2059,-0.2006,-0.2183,-1.3431,-0.0382,-0.1603,-0.0842999999999999,-0.1101,-0.0434,-0.0739,-0.0955000000000001
"132",-0.2072,-0.2028,-0.2205,-1.3461,-0.859,-0.1717,-0.0416,-0.1111,-0.5505,-0.0281,-0.0972999999999999
"133",-0.1038,-0.205,-0.1857,-1.349,-0.8616,-0.194,-0.0856999999999999,-0.1121,-0.2993,-0.0747,-0.0775
"134",-0.2099,-0.00990000000000002,-0.187,-1.3519,-0.0418000000000001,-0.1815,NA,-0.1132,-0.0462,-0.0753,NA
"135",-0.2111,-0.2072,-0.1882,-1.3548,-0.867,-0.1694,-0.0426,-0.1142,-0.3037,-0.0759,-0.0784
"136",-0.2124,-0.1101,-0.1704,-1.3576,-0.8696,-0.1865,-0.0871,-0.1152,-0.3056,-0.0765,-0.0793
"137",-0.2137,-0.0116000000000001,-0.2289,-1.3605,-0.0455,-0.1882,NA,NA,-0.5645,0.0179,NA
"138",-0.1078,-0.2103,-0.2311,-0.0739,-0.0473,-0.1899,0.000799999999999912,-0.1162,-0.3086,-0.0771,-0.0895
"139",-0.2163,-0.2125,-0.2332,-2.657,-0.8777,-0.1791,-0.0440999999999999,NA,-0.3104,-0.0777,-0.0807
"140",-0.3255,-0.2146,-0.1927,-1.3688,-0.8802,-0.1949,-0.0886,-0.1172,-0.3123,-0.0783,-0.1085
"141",-0.11,-0.1136,-0.194,-1.3716,-0.8827,-0.1911,-0.0896,-0.1182,-0.3141,-0.0789,-0.0815
"142",-0.2201,-0.2177,-0.1736,-1.3743,-0.8851,-0.1938,-0.000499999999999945,-0.1192,-0.3159,-0.0794,-0.0824
"143",-0.3308,-0.0103,-0.2398,-1.377,-0.8875,-0.2216,NA,-0.1202,NA,NA,-0.102
"144",-0.3329,-0.2198,-0.1975,-0.0799,-0.0539000000000001,-0.1963,-0.0906999999999999,-0.1212,-0.5808,-0.08,-0.0835
"145",-0.1123,-0.1166,-0.1988,-1.3827,-0.8927,-0.2141,NA,-0.00360000000000005,-0.3189,-0.0806,-0.0844
"146",-0.2249,-0.1174,-0.2452,-1.3853,-0.8951,-0.226,-0.0916999999999999,-0.1221,-1.3818,-0.0812,-0.0853
"147",-0.2262,-0.2236,-0.1772,-0.0837,-0.8975,-0.2103,-0.0927999999999999,-0.1231,-0.3207,-0.0818,-0.0861999999999999
"148",-0.2274,-0.012,-0.2024,-1.3909,-0.8998,-0.2116,-0.0937999999999999,-0.1241,-0.8584,-0.0823,-0.087
"149",-0.2287,-0.2257,-0.2036,-1.3935,-1.7448,-0.2128,-0.0947999999999999,-0.125,-0.5928,-0.0829,-0.0879
"150",-0.2299,-0.0129000000000001,-0.1583,-1.3961,-0.9042,-0.2018,-0.0957999999999999,-0.004,-0.5952,0.0183,-0.1033
"151",-0.2311,-0.0147000000000002,-0.2074,-1.3987,-0.9065,-0.2045,-0.0968999999999999,-0.126,-0.3255,-0.0835,-0.089
"152",-0.2324,-0.0166000000000002,-0.2533,-1.4012,-1.7559,-0.2354,-0.0978999999999999,-0.1269,-0.6003,-0.0841,-0.0899
"153",-0.2336,-0.2278,-0.1861,-0.0905,-0.9108,-0.2248,-0.0988999999999999,-0.1279,-0.0541999999999999,-0.0847,-0.0907
"154",-0.119,-0.2299,-0.211,-1.4066,-0.9131,-0.2135,0.00130000000000008,-0.1288,-0.331,-0.0852,-0.0916
"155",-0.2361,-0.1242,-0.2123,-0.0931999999999999,-0.9154,-0.2276,-0.0497,-0.1298,-0.3328,-0.0858,-0.1047
"156",-0.3538,-0.0174000000000001,-0.2135,-1.4119,-0.9177,-0.2418,-0.000599999999999934,-0.1307,-0.3346,-0.0864,-0.0926
"157",-0.2384,-0.2328,-0.1917,-0.096,-0.9199,-0.243,-0.0508999999999999,-0.1317,-1.4436,-0.0869,-0.0935
"158",-0.2396,-0.2348,-0.2166,-0.0978,-0.9222,-0.2159,-0.0515,-0.1326,-0.3364,-0.0875,-0.1063
"159",-0.2408,-0.2368,-0.2638,-1.4199,-0.9244,-0.2459,-0.00340000000000007,-0.1336,-0.3382,-0.0881,-0.0946
"160",-0.242,-0.1277,-0.2658,-0.1006,-0.9267,-0.2324,-0.1011,NA,-0.34,-0.0886,-0.1143
"161",-0.2432,-0.2397,-0.2187,-1.4251,-1.7875,-0.2488,-0.1021,-0.1345,-0.3418,-0.0892,-0.0953
"162",-0.3645,-0.2417,-0.1954,-1.4275,-0.9308,-0.25,NA,-0.1354,-0.3435,-0.0897,-0.0962
"163",-0.1247,-0.2437,-0.1977,-0.1044,-0.9329,-0.2512,0.0459000000000001,-0.1364,-0.3453,-0.0903,-0.1241
"164",-0.3677,-0.2456,-0.2237,-0.1062,-0.0727,-0.2354,-0.1031,-0.1373,-0.3471,-0.0909,-0.1316
"165",-0.1262,-0.1307,-0.2729,-1.4353,-0.0745,-0.2102,NA,-0.1382,-0.3489,-0.0914,-0.0963
"166",-0.1275,-0.1316,-0.2007,-1.4376,-0.9402,-0.2554,-0.0536,-0.1391,-0.3507,-0.092,-0.0971
"167",-0.1287,-0.0156000000000001,-0.2758,-1.44,-0.0773,-0.1953,-0.00409999999999999,-0.14,-0.3525,-0.0925,-0.098
"168",-0.2516,-0.2492,-0.2527,-0.111,-0.9449,-0.2565,-0.00499999999999989,-0.141,-0.9257,-0.0931,-0.0988
"169",-0.2528,-0.2512,NA,-0.1128,0.7869,-0.2181,NA,-0.1419,-0.3549,-0.0936,-0.0996
"170",-0.2539,0.103,-0.2284,-1.4476,-0.0828,-0.2057,NA,-0.1428,-0.6445,-0.0942,-0.1005
"171",-0.00889999999999991,-0.2527,-0.2297,-1.4499,-0.9524,-0.2589,-0.1045,-0.1437,-0.6467,-0.0947,-0.1013
"172",-0.3788,0.1018,NA,-0.1167,-0.0857,-0.2397,-0.0555,-0.1446,-0.0689000000000001,0.0187999999999999,-0.1021
"173",-0.3807,-0.2542,-0.2828,-0.1184,-0.957,-0.2618,-0.0561999999999999,-0.1455,-0.6516,-0.0383,-0.1241
"174",-0.2585,-0.1372,-0.2847,-1.4574,-0.0885,-0.2126,-0.1062,-0.1463,-0.6538,0.018,-0.1029
"175",-0.1352,-0.138,-0.2866,-0.1212,-0.0903,-0.2326,-0.1072,-0.1472,-0.3637,-0.0955,-0.1037
"176",-0.2609,-0.1388,-0.2885,-1.4623,-0.0921000000000001,-0.2412,NA,-0.1481,-1.5368,-0.096,-0.1046
"177",-0.262,-0.2585,NA,-0.124,-0.0939,-0.243,-0.1082,-0.149,-0.3654,-0.0966,-0.1054
"178",-0.1378,-0.2604,-0.2325,-1.4671,-0.9689,-0.2391,-0.00669999999999993,-0.1499,-0.6621,-0.0971,-0.1062
"179",-0.2644,-0.2623,-0.2919,-0.1269,-0.0967,-0.2685,-0.1092,-0.1507,-0.3683,-0.0976,-0.1132
"180",-0.1397,0.1045,-0.2937,-1.4718,-0.9734,-0.2361,-0.1101,-0.1516,-0.9631,-0.0982,-0.1075
"181",-0.2668,-0.1421,-0.2956,-1.474,-0.9755,-0.2703,-0.1111,-0.1525,-0.0729000000000001,-0.0987,-0.1083
"182",-0.2679,-0.2645,-0.2662,-0.1307,-0.9775,-0.2715,-0.1121,-0.1534,-0.3732,-0.0993,-0.1092
"183",-0.2691,-0.2664,-0.2992,-0.1325,-1.8574,-0.2726,-0.113,-0.1542,-0.6734,-0.0998,NA
"184",-0.3975,-0.144,-0.301,-1.4812,-0.9812,-0.2737,-0.114,-0.1551,-0.3761,-0.1003,-0.11
"185",-0.2712,-0.269,-0.2697,-1.4834,-0.9832,-0.2509,-0.1149,-0.1559,-0.0778,-0.1009,-0.1108
"186",-0.2723,-0.1453,-0.3046,-0.1363,-0.1042,-0.2764,-0.1159,-0.1568,-0.3803,-0.1014,-0.1116
"187",-0.2735,-0.1461,-0.3064,-4.188,0.7757,-0.2341,-0.1168,-0.1576,-1.5847,-0.1019,-0.1124
"188",-0.2746,-0.0216000000000001,-0.3082,-0.1381,-0.9904,-0.2775,-0.1178,-0.1585,-0.684,-0.1025,-0.1165
"189",-0.2757,-0.0234000000000001,-0.2742,-1.492,-0.9924,-0.2786,-0.1187,-0.1593,-0.3831,-0.103,-0.1137
"190",-0.4073,-0.1488,-0.2755,-1.4941,-0.9944,-0.2518,-0.1197,-0.0112000000000001,-0.9918,0.0181,-0.1145
"191",-0.2778,-0.1496,-0.3135,-1.4962,-0.9963,-0.2809,-0.1206,NA,-0.9947,-0.1035,-0.1179
"192",-0.2789,0.0966,-0.3153,-1.4983,-0.9983,-0.2654,-0.1215,-0.1601,-0.3861,-0.1041,-0.1158
"193",-0.28,-0.1513,-0.2788,-0.1441,-1.0003,-0.2554,-0.1224,-0.1609,-0.3878,-0.1046,-0.1166
"194",-0.1486,-0.2743,-0.3187,-0.1459,-0.1151,-0.253,-0.1234,-0.1618,-0.6965,0.0794999999999999,-0.1174
"195",-0.1499,-0.1526,-0.3205,-1.5053,0.7709,-0.2626,-0.1243,-0.1626,-0.3907,-0.1051,-0.1181
"196",-0.416,-0.0299,-0.3222,-0.1487,-0.1196,-0.2867,-0.1252,-0.1634,-0.3924,-0.1056,-0.1189
"197",-0.2845,-0.2769,-0.2832,-0.1505,-0.1214,-0.2878,-0.1261,-0.1642,-0.703,-0.0434,-0.1197
"198",-0.2856,-0.0309000000000001,-0.3256,-1.5122,-1.012,-0.2889,-0.127,-0.1651,-0.3953,-0.1063,-0.1205
"199",-0.2867,-0.1558,-0.3273,-0.1533,-0.1243,-0.2698,-0.0653,-0.1659,-0.397,-0.1069,-0.1213
"200",-0.2878,-0.1566,-0.2441,1.2065,-0.1261,-0.2765,-0.1283,-0.1667,-0.088,-0.1074,-0.122
"201",-0.2889,-0.1574,-0.2453,-0.1577,-1.0186,-0.2931,-0.1292,-0.1675,-1.6441,-0.1079,-0.1219
"202",-0.1546,-0.1582,-0.2466,-1.5218,-1.0205,-0.2781,NA,NA,-1.0249,-0.1084,NA
"203",-0.4265,-0.2817,-0.3333,-1.5238,-1.0224,-0.2793,-0.1301,-0.1683,-0.7148,-0.1089,-0.1233
"204",-0.2921,-0.2835,-0.2916,-0.1616,-0.1311,-0.2581,-0.131,-0.1691,-0.7167,-0.1094,-0.1241
"205",-0.4297,-0.2853,-0.2489,-0.1634,-0.1329,-0.2753,-0.1319,-0.1699,-0.404,0.0186999999999999,-0.1248
"206",-0.4313,-0.1605,-0.3381,-0.1652,-0.1348,-0.2823,-0.1328,-0.1707,-1.6661,-0.11,-0.1236
"207",-0.295,-0.2877,-0.1613,-0.167,-0.1366,-0.2802,-0.0680999999999999,-0.1715,-0.4057,-0.1105,-0.1225
"208",-0.4345,-0.2895,-0.3399,-0.1687,-0.1384,-0.3012,-0.134,-0.1723,-0.7241,-0.111,-0.1263
"209",-0.158,-0.2912,-0.3415,-0.1705,-0.1402,-0.3023,-0.1349,-0.0142,-0.0910000000000001,-0.1115,-0.1271
"210",-0.1593,-0.2929,-0.3431,-0.1723,-1.038,-0.2951,-0.1357,-0.014,-0.411,-0.112,-0.1278
"211",-0.4383,-0.2946,-0.3447,-0.1741,-0.1431,-0.2962,-0.1366,-0.173,-0.4127,-0.1125,-0.1264
"212",-0.3003,-0.0313000000000001,-0.3463,-0.1759,-1.0422,-0.2787,-0.1375,-0.1738,-0.4145,-0.113,-0.127
"213",-0.4414,-0.2964,-0.2549,-0.1776,0.752,-0.2955,-0.0704,-0.1746,-0.4162,-0.1135,-0.1277
"214",-0.3022,-0.1652,-0.3494,-1.5492,-1.0467,-0.2847,-0.071,-0.1753,-0.4179,-0.114,-0.1284
"215",-0.3033,-0.166,-0.3509,-1.5511,-1.0486,-0.3094,-0.139,-0.1761,-0.7394,-0.1145,NA
"216",NA,-0.1668,-0.3525,-1.5531,-1.0504,-0.3105,-0.1399,-0.1769,-0.7413,-0.115,-0.1306
"217",-0.1629,-0.1676,-0.3541,-0.1826,-1.0522,-0.2927,-0.1408,-0.1777,-1.0643,-0.1155,-0.1313
"218",-0.1641,-0.3009,-0.2576,-0.1844,-0.1531,-0.2991,-0.1416,-0.1785,-0.1002,-0.116,-0.1321
"219",-0.4481,-0.1689,-0.3571,-0.1862,-1.0563,-0.3141,-0.1425,-0.1792,-0.1027,-0.1165,-0.1328
"220",-0.4496,-0.1697,-0.2592,-1.5619,-0.156,-0.301,-0.0732999999999999,-0.0156000000000001,-0.1052,-0.117,NA
"221",-0.1658,-0.304,-0.36,-1.5638,-1.0604,-0.2994,NA,NA,-0.752,-0.1175,NA
"222",-0.4523,-0.171,-0.3615,-1.5657,-0.159,-0.3025,-0.1437,-0.0153000000000001,-0.431,-0.118,-0.1336
"223",-0.3105,-0.3064,-0.3121,-0.1912,-0.1608,-0.3161,-0.1445,-0.1799,-0.4327,-0.1185,-0.1343
"224",-0.3115,-0.1722,-0.3647,-1.5698,-1.0666,-0.3113,-0.1454,-0.1806,-0.4344,-0.119,-0.1351
"225",-0.3126,-0.173,-0.3662,-0.1941,-1.0684,-0.3218,-0.1462,-0.1814,-0.112,-0.1195,-0.1358
"226",-0.4581,-0.3094,-0.2101,-0.1959,-0.1649,-0.3228,NA,-0.0157,-0.4386,-0.12,NA
"227",-0.4596,-0.311,-0.3165,-0.1977,-0.1667,-0.306,NA,-0.1821,-0.7648,-0.1205,NA
"228",-0.1696,-0.1748,NA,-0.1994,0.7377,-0.3249,-0.147,-0.1828,-0.4414,-0.1209,-0.1365
"229",-0.3165,-0.3134,NA,-0.2012,-0.1713,-0.3225,-0.1479,-0.1836,-0.7687,-0.1214,-0.1322
"230",-0.1715,-0.176,-0.3176,-1.5829,-0.1731,-0.3162,-0.1487,-0.0161,-0.118,-0.1219,-0.1377
"231",-0.1728,-0.1768,-0.3718,-0.2041,-1.0818,-0.3213,NA,-0.1843,-0.4467,-0.1224,-0.1385
"232",-0.3199,-0.0388000000000002,-0.3197,-0.2059,-0.1761,-0.3103,-0.1496,-0.016,-0.4485,-0.1229,-0.1392
"233",-0.3209,-0.1785,-0.3748,-0.2077,-1.0857,-0.3316,-0.1504,-0.0157,-0.4502,-0.1234,-0.1399
"234",-0.3219,-0.3171,-0.2672,-0.2095,-0.1791,-0.3131,-0.1512,-0.1849,-0.7792,-0.1239,-0.1406
"235",-0.3229,-0.0408000000000002,-0.3776,-0.2113,-0.1809,-0.3093,-0.152,-0.0157,-1.1089,-0.1243,-0.1414
"236",-0.3239,-0.3187,-0.3791,-0.2131,-0.1828,-0.3335,-0.1529,-0.1856,-1.1112,-0.1248,-0.1421
"237",-0.3249,-0.1811,-0.3806,-0.2149,-0.1846,-0.327,-0.1537,-0.1863,-1.7728,-0.1253,-0.1354
"238",-0.4741,-0.321,-0.3258,-0.2167,-1.0963,-0.3361,NA,-0.187,-0.4541,-0.1258,-0.1433
"239",-0.3268,-0.1824,-0.2702,-0.2185,-0.1876,-0.323,-0.1545,-0.1878,-0.1248,-0.1262,-0.1364
"240",-0.1787,-0.3233,-0.3282,-1.6048,-0.1895,-0.3381,-0.0787,-0.1885,-0.4583,-0.1267,-0.137
"241",-0.3289,-0.1837,-0.2721,-0.2214,-0.1913,-0.3232,-0.1556,-0.0165000000000002,-1.1223,-0.1272,-0.1304
"242",-0.1807,-0.1844,-0.3878,-1.6088,-1.1046,-0.3341,NA,-0.0162,NA,NA,-0.1452
"243",NA,0.0968,-0.3892,-0.2243,-1.1063,-0.3412,-0.1565,-0.1891,-1.7886,-0.1277,-0.1459
"244",-0.4804,-0.1861,NA,-0.2261,-0.1954,-0.3291,-0.1573,-0.0162,-0.7935,-0.1281,-0.1321
"245",-0.3319,-0.1868,-0.3906,-1.615,-0.1973,-0.3428,NA,NA,NA,NA,NA
"246",-0.3329,-0.1876,-0.2744,-0.229,-0.1992,-0.334,-0.1581,-0.1898,-1.7957,-0.1286,-0.1469
"247",-0.4845,-0.3279,-0.3345,-0.2308,-1.1145,-0.3387,-0.1589,-0.1905,-0.4616,-0.1291,-0.1338
"248",-0.4859,-0.0483,NA,-0.2326,-0.2022,-0.3467,-0.1597,-0.1912,-0.798,-0.1295,-0.1478
"249",-0.4873,-0.3295,-0.2763,-0.2344,-0.2041,-0.3489,-0.0812999999999999,-0.0166000000000002,-0.7997,-0.0559999999999999,-0.1485
"250",-0.3363,-0.331,-0.3368,-0.2362,-0.206,-0.3487,-0.1608,-0.1919,-0.8014,-0.1302,-0.1492
"251",-0.4901,-0.1907,-0.3379,-0.2381,-1.1227,-0.3531,NA,0.1596,-0.1299,-0.1307,-0.121
"252",-0.0314999999999999,-0.3332,NA,-0.2399,-0.209,-0.3519,NA,NA,NA,NA,NA
"253",-0.3394,-0.1919,-0.2789,-0.2417,-0.2108,-0.3575,-0.0821999999999999,-0.1926,-0.1325,0.0174000000000001,-0.1497
"254",-0.1875,-0.1927,-0.2801,NA,NA,NA,-0.1619,-0.0133000000000001,-0.4715,-0.1311,-0.1504
"255",-0.4943,-0.0509000000000002,-0.2813,-0.2435,-0.2127,-0.3588,-0.1627,-0.1933,-0.4732,0.0172000000000001,-0.1511
"256",-0.3423,-0.3361,-0.2825,-1.6363,-1.1309,-0.3607,-0.1635,-0.194,-1.1488,-0.1316,-0.1518
"257",-0.3433,-0.3376,-0.4044,-0.2464,-1.1326,-0.3649,-0.1643,-0.1947,-0.8133,-0.1321,-0.1524
"258",-0.4983,-0.3391,-0.4058,-1.6402,-1.1343,-0.3548,-0.1651,-0.1954,-1.1532,-0.1325,-0.1531
"259",-0.345,-0.3406,-0.2843,-0.2494,-1.1359,-0.3606,-0.00330000000000008,-0.1961,-0.4771,-0.133,-0.1538
"260",-0.501,-0.3421,-0.2855,-1.6441,-1.1376,-0.3573,-0.1659,-0.1968,-1.1576,-0.1335,-0.1545
"261",-0.3468,-0.3435,-0.4097,-0.2523,-1.1393,-0.3661,-0.1667,NA,-1.1597,-0.0585,-0.1552
"262",-0.5036,-0.345,-0.2871,-0.2541,-1.141,-0.3702,-0.1675,-0.1976,-1.1618,-0.1341,-0.1559
"263",-0.3485,-0.1976,-0.4124,-1.6501,-1.1426,-0.3735,-0.086,-0.1983,-0.8223,-0.1345,-0.1566
"264",-0.5062,-0.3471,-0.4137,-0.2571,-1.1443,-0.3737,-0.1686,-0.199,-0.8239,-0.135,NA
"265",-0.5076,-0.1988,-0.2889,-1.654,-1.146,-0.3724,-0.1693,-0.1997,-0.8256,-0.1355,-0.1573
"266",-0.5089,-0.3492,-0.4163,-1.6557,-1.1476,-0.3706,-0.1701,-0.2004,-0.4838,-0.1359,-0.1579
"267",-0.3517,-0.3506,-0.2904,-0.2611,-1.1493,-0.3658,-0.1709,-0.2011,-1.1728,-0.0600999999999999,-0.1586
"268",-0.3527,-0.3521,-0.4189,-1.6595,-1.1509,-0.3775,-0.1716,-0.2018,-0.8305,0.0157,-0.1593
"269",-0.3536,-0.3535,-0.4203,-1.6612,-1.1526,-0.3823,-0.1724,-0.2025,-0.4872,-0.1366,-0.16
"270",-0.1952,-0.2014,-0.2923,-0.2652,-0.2306,-0.3757,-0.0885,-0.2032,-0.4889,-0.137,-0.1607
"271",-0.1965,-0.0487,-0.4228,-1.665,-1.1564,-0.3798,-0.0891,-0.2038,-1.8723,-0.1375,-0.1613
"272",-0.3568,-0.3556,-0.2288,-1.6667,-1.158,-0.372,-0.1738,-0.2045,-0.8367,-0.1379,-0.162
"273",-0.3578,-0.357,-0.2956,-1.6684,-1.1597,-0.3813,-0.1745,-0.2052,-0.8384,0.0154000000000001,-0.1627
"274",-0.3587,-0.3584,-0.2968,-1.67,-1.1613,-0.3908,NA,-0.2059,NA,NA,-0.1512
"275",-0.5198,-0.2044,-0.4276,-0.2715,-1.1629,-0.3857,-0.1753,-0.2066,NA,NA,-0.1638
"276",-0.3604,-0.2051,-0.2332,-1.6738,-1.1646,-0.3942,-0.0907,-0.2073,-0.4927,-0.1384,-0.1645
"277",-0.2005,-0.3611,-0.2355,-1.6755,-1.1662,-0.3773,-0.1763,-0.2079,-0.8419,-0.1388,NA
"278",-0.3625,-0.3625,-0.4306,-1.6772,-1.1678,-0.3973,-0.1771,-0.018,-1.8874,-0.1393,-0.1651
"279",-0.3634,-0.3638,-0.3023,-1.6788,-1.1695,-0.4007,-0.1778,-0.2085,-0.8442,0.0151000000000001,-0.1658
"280",-0.5258,-0.0492000000000001,-0.3035,-1.6805,-1.1711,-0.3993,-0.1786,-0.2092,-0.4965,-0.1397,-0.1664
"281",-0.3651,-0.2081,-0.3695,-1.6821,-1.1727,-0.4063,-0.1793,-0.2099,-1.896,-0.1402,-0.1671
"282",-0.5283,-0.2089,-0.3705,-1.6838,-1.1743,-0.3824,-0.1801,-0.2105,-0.4982,-0.1406,-0.1678
"283",-0.5296,-0.3665,-0.2406,-0.2813,-1.176,-0.399,-0.1808,-0.2112,-0.8503,-0.1411,-0.1684
"284",-0.5308,-0.3679,-0.3729,-0.2831,-0.2477,-0.3951,-0.1815,-0.2119,-0.8519,-0.1415,-0.1691
"285",-0.532,-0.3693,-0.4394,-0.285,-1.1797,-0.4061,-0.1823,-0.2125,-0.5021,-0.142,-0.1697
"286",-0.5333,-0.3706,-0.3089,-0.2868,-1.1813,-0.3875,-0.183,-0.2132,-0.5038,-0.1424,-0.1704
"287",-0.3696,-0.0508000000000002,-0.31,-1.6938,-1.1829,-0.3982,-0.1837,-0.2139,-0.5055,-0.1428,-0.171
"288",-0.3705,-0.372,-0.3112,-0.2898,-1.1845,-0.4087,-0.1845,NA,-1.9153,-0.1433,-0.1717
"289",-0.5369,-0.3734,-0.3784,-1.6975,-0.2543,-0.4107,-0.1852,-0.2145,-0.5072,-0.1437,-0.1723
"290",-0.5382,-0.2132,-0.3131,-1.6992,-1.1882,-0.4179,-0.1859,-0.2152,-0.8619,-0.1442,-0.1729
"291",-0.5394,-0.2139,-0.4469,-1.7008,-1.1898,-0.4157,-0.1866,-0.2158,-0.8634,0.0941999999999998,-0.1736
"292",-0.3736,-0.2146,-0.3146,-1.7024,-1.1914,-0.4352,-0.0962,-0.2165,-0.865,0.0958000000000001,-0.1742
"293",-0.3745,-0.2154,-0.3825,-1.704,-1.193,-0.4088,-0.1876,-0.2171,-0.5121,-0.1446,-0.1749
"294",-0.543,-0.3771,-0.4507,-1.7057,-1.1946,-0.4168,-0.0971,-0.2178,-1.2229,-0.145,-0.1578
"295",-0.3761,-0.3785,-0.3168,-1.7073,NA,-0.4111,NA,-0.2184,-0.5144,-0.1454,-0.1759
"296",-0.5454,-0.3798,-0.4531,-1.7089,-1.1962,-0.3985,-0.1887,-0.2191,-0.8715,-0.1459,-0.1766
"297",-0.5466,-0.3811,-0.3182,-1.7105,-2.1323,-0.3994,-0.1894,-0.2197,-0.5172,-0.1463,-0.1772
"298",-0.5477,-0.3824,-0.1835,-0.302,-1.199,-0.4385,NA,-0.2204,-0.5189,-0.1467,-0.1778
"299",-0.2093,-0.2183,-0.322,-0.3039,-0.2651,-0.4373,-0.0982999999999999,-0.221,-1.2331,-0.1472,-0.1785
"300",-0.5499,-0.219,-0.457,-1.7163,-1.2027,-0.4173,-0.1904,-0.2216,-0.8781,-0.1476,-0.1791
"301",-0.5511,-0.2197,-0.4581,-1.7179,-1.2043,NA,-0.1911,NA,-0.8796,-0.148,-0.1604
"302",-0.5522,-0.3855,-0.4593,-1.7195,-1.2059,-0.4259,NA,-0.2223,-0.8811,-0.1485,NA
"303",-0.3822,-0.3867,-0.3241,-0.3092,-1.2074,-0.4349,-0.0994999999999999,-0.2229,-0.8827,-0.0663,-0.1802
"304",-0.3831,-0.388,-0.4617,-0.3111,-0.2719,-0.4057,-0.1921,-0.2235,-1.96,-0.1491,-0.1808
"305",-0.2124,-0.2218,-0.3256,-1.7252,-0.2738,-0.4521,NA,-0.2242,-0.5255,-0.1495,-0.1814
"306",-0.5567,-0.3899,-0.4641,-1.7268,-1.2132,-0.4497,-0.1004,-0.2248,-0.8866,0.0157,-0.162
"307",-0.3858,-0.0547,-0.4653,-0.3153,-2.1525,-0.4078,-0.1009,-0.2254,-0.5283,-0.1499,-0.1825
"308",-0.2144,-0.0564,-0.4664,-1.7305,-1.2159,-0.4531,-0.1934,-0.226,-0.53,-0.1504,-0.1831
"309",-0.5599,-0.3913,-0.4676,-1.732,-1.2175,-0.4096,-0.1941,-0.2267,-0.5317,-0.1508,-0.1837
"310",-0.2159,-0.3926,-0.4687,-1.7336,NA,-0.438,NA,-0.2273,-0.5334,-0.1512,-0.1843
"311",-0.3895,-0.2256,-0.4699,-1.7352,-1.2191,-0.4668,-0.1948,-0.2279,-1.9771,-0.1516,-0.185
"312",-0.3904,-0.2263,-0.3286,-1.7368,-1.2206,-0.4426,-0.1955,-0.2285,-0.5351,-0.1521,-0.1856
"313",-0.2184,-0.395,-0.401,-1.7384,-0.2824,-0.4642,NA,NA,-0.5368,0.0153000000000001,-0.1862
"314",-0.5652,-0.3963,-0.402,-1.74,-1.2243,-0.4464,-0.1962,-0.2291,-1.9841,-0.1525,-0.1868
"315",-0.3931,-0.2279,-0.403,-1.7415,-0.2856,-0.4691,-0.1969,-0.2297,-0.9005,-0.0689,-0.1874
"316",-0.3939,-0.2286,-0.3318,-1.7431,-1.2279,-0.4728,-0.1976,-0.2304,-0.5396,-0.1531,-0.188
"317",-0.3948,-0.3987,-0.333,-1.7447,-0.2888,-0.4647,-0.1983,-0.231,-0.9039,0.0145,-0.1886
"318",-0.3957,-0.3999,-0.3342,-0.3289,-1.2316,-0.4789,-0.1989,-0.2316,-0.5424,-0.1535,-0.1201
"319",-0.2223,-0.2301,-0.3353,-1.7483,-1.2331,-0.4573,-0.1996,-0.2322,-0.5441,-0.1539,-0.1893
"320",-0.3977,-0.2309,-0.4807,-1.7499,-1.2347,-0.421,-0.2003,-0.2328,-0.5459,-0.1543,-0.1899
"321",-0.3985,-0.4023,-0.3368,-0.3332,-1.2363,-0.4712,-0.201,-0.2334,-0.911,-0.1548,-0.1905
"322",-0.5741,-0.4035,-0.4105,-0.3351,-1.2378,-0.4734,-0.2017,-0.234,-0.9125,-0.1552,-0.1911
"323",-0.5752,-0.4047,-0.4114,-0.337,-0.2969,-0.4499,-0.1056,-0.2346,-0.9139,-0.1556,-0.1917
"324",-0.5763,-0.4059,-0.4855,-0.3389,-1.2415,-0.5141,-0.2026,-0.2352,-0.5508,-0.156,-0.1691
"325",-0.2254,-0.2333,-0.4866,-1.7596,-1.243,-0.4253,NA,-0.2358,-1.2819,-0.1564,-0.1927
"326",-0.4024,-0.4077,-0.3399,-1.7612,-0.3014,-0.482,-0.2033,-0.2364,-2.0139,-0.1568,-0.1933
"327",-0.4033,-0.4089,-0.3411,-1.7627,-1.2466,-0.4841,-0.1068,-0.237,-0.1873,-0.1572,-0.1939
"328",-0.4042,-0.4101,-0.49,-1.7643,-1.2482,-0.5297,NA,-0.2376,-0.5556,-0.1576,NA
"329",-0.405,-0.0592000000000001,-0.2684,-0.3456,-0.3058,-0.5083,-0.2043,-0.2382,-0.5573,-0.1581,-0.1707
"330",-0.5827,-0.2361,-0.3444,-1.7679,-1.2518,-0.4788,-0.1077,-0.2387,-0.5591,-0.1585,-0.1949
"331",-0.4065,-0.4119,-0.493,-1.7694,-1.2534,-0.53,-0.2052,-0.2393,-0.5608,-0.1589,-0.1955
"332",-0.5849,-0.2372,-0.2718,-0.3499,-1.2549,-0.5013,-0.1085,-0.2399,-0.9286,-0.1593,-0.1961
"333",-0.5859,-0.4137,-0.495,-1.773,-1.2565,-0.5215,-0.2062,-0.2405,-0.93,-0.1597,-0.1967
"334",-0.4086,-0.4148,-0.496,-1.7746,-1.258,-0.5254,-0.2069,-0.2411,-0.5647,-0.1601,-0.1973
"335",-0.5881,-0.0615000000000001,-0.4971,-0.3542,-1.2596,-0.5101,-0.012,-0.2417,-0.5664,0.0134000000000001,-0.0979000000000001
"336",-0.2312,-0.4161,-0.3485,-1.7782,-1.2611,-0.5123,-0.0127999999999999,-0.2422,-0.5682,-0.1605,-0.1977
"337",-0.4112,-0.0629000000000002,-0.275,-0.3573,-1.2627,-0.5145,-0.1106,-0.2428,-0.5699,-0.1609,-0.1983
"338",-0.5911,-0.4174,-0.5001,-1.7817,-1.2642,-0.4967,-0.2079,-0.2434,-0.5716,-0.1613,-0.1988
"339",-0.2332,-0.4185,-0.3518,-1.7833,-1.2658,-0.5382,-0.1115,-0.244,-0.5734,-0.1617,-0.1756
"340",-0.4137,-0.4197,-0.5023,-1.7848,-1.2673,-0.439,-0.2089,-0.2445,-2.0446,-0.1621,-0.1999
"341",-0.4146,-0.4208,-0.3533,-1.7864,-1.2689,-0.5419,-0.2095,-0.2451,-1.3108,-0.1625,-0.2004
"342",-0.5952,-0.422,-0.3544,-1.7879,-1.2704,-0.5459,NA,-0.2457,-0.2072,-0.1629,-0.201
"343",-0.416,-0.4231,-0.5056,-1.7894,-1.2719,-0.5499,NA,-0.2462,NA,NA,-0.2016
"344",-0.5973,-0.4242,-0.4313,-1.791,-1.2735,-0.4868,-0.2102,-0.2468,-0.9464,-0.1633,-0.2022
"345",-0.4175,-0.4254,-0.3566,-0.3677,-1.275,-0.5099,-0.2109,NA,-0.5793,-0.1637,-0.1027
"346",-0.5994,-0.4265,-0.2822,-0.3697,-2.2252,-0.4447,-0.2115,-0.2474,-1.3181,-0.1641,NA
"347",-0.4189,-0.0616000000000001,-0.4347,-1.7966,-1.2777,-0.5115,-0.2122,-0.2479,-0.5816,-0.1645,-0.2026
"348",-0.4198,-0.2455,-0.3602,-0.3728,-0.3298,-0.5128,-0.2128,-0.2485,-0.2142,-0.1649,-0.2032
"349",-0.6026,-0.0642,-0.5121,-1.8001,-1.2813,-0.5362,-0.1142,-0.2491,-0.5859,-0.1653,-0.2037
"350",-0.2389,-0.4284,-0.286,-1.8017,-1.2828,-0.5831,-0.1147,-0.2496,-0.5877,-0.1657,-0.2043
"351",-0.4223,-0.2475,-0.5139,-1.8032,-1.2843,-0.4495,-0.214,-0.2502,-0.5894,-0.1661,-0.2049
"352",-0.4231,-0.43,-0.5149,-1.8047,-0.3356,-0.4503,-0.2147,-0.2507,-2.0676,-0.1665,-0.2054
"353",-0.6066,-0.4312,-0.3641,-0.3797,-1.2879,-0.4512,-0.2153,-0.0337000000000001,-1.3303,-0.1669,-0.206
"354",-0.4246,-0.249,-0.5171,-0.3817,-1.2895,-0.566,-0.216,-0.2512,-0.5917,-0.1673,-0.2066
"355",-0.4254,-0.4328,-0.3655,-0.3836,-0.3402,-0.5701,-0.2166,-0.2517,-0.5934,-0.1677,-0.2071
"356",-0.4262,-0.2501,-0.2905,-1.8123,-0.3423,-0.5982,-0.2172,-0.2523,-0.2249,-0.1681,-0.2077
"357",-0.0598999999999998,-0.2508,-0.2929,-1.8139,-0.3444,-0.5548,-0.2179,0.1848,-0.5978,-0.1685,-0.1826
"358",0.1201,-0.0680000000000001,-0.3704,-0.3881,-0.3464,-0.5828,-0.2185,-0.0309000000000001,-0.2295,-0.1689,-0.2087
"359",0.1138,-0.0696000000000001,-0.2965,-0.39,-0.3485,-0.4556,-0.0164,-0.0305000000000002,-0.9719,0.0119,-0.2093
"360",-0.4314,-0.2532,-0.2988,-0.392,-0.3505,-0.5867,-0.2192,-0.2525,-0.6032,-0.1693,-0.2098
"361",-0.2525,-0.2539,-0.4494,-0.394,-0.3526,-0.5641,-0.2198,-0.253,-2.0854,-0.1696,-0.2104
"362",-0.2537,-0.0730000000000002,-0.3759,-1.8235,-0.3547,-0.4582,-0.1188,-0.0307000000000002,-0.6049,0.0117,-0.2109
"363",-0.4344,-0.4364,-0.5257,-0.3972,-0.3568,-0.5127,-0.2207,-0.2535,-0.6067,-0.17,-0.2115
"364",-0.4352,-0.4375,-0.3773,-1.8271,-0.3588,-0.4603,-0.2214,-0.0306000000000002,-0.2377,-0.1704,-0.212
"365",-0.2562,-0.4386,-0.304,-1.8286,-1.3117,-0.4611,-0.222,-0.0302,-0.2406,-0.1708,-0.2126
"366",-0.2575,-0.2567,-0.5286,-0.4017,-1.3132,-0.4619,-0.2226,-0.2538,-0.9838,-0.1712,-0.2131
"367",-0.6177,-0.4402,-0.3063,-1.8321,-0.3635,-0.4627,NA,-0.2544,-0.9852,-0.1716,-0.2137
"368",-0.2589,-0.2578,-0.3087,-0.4049,-0.3656,-0.541,NA,-0.0304000000000002,-0.2451,-0.172,-0.2142
"369",-0.6196,-0.2585,-0.3111,-0.4069,-1.3189,-0.5165,-0.1205,-0.0301,-0.248,-0.1724,-0.1582
"370",-0.0802999999999998,-0.4423,-0.3862,-0.409,-1.3205,-0.6205,-0.2235,-0.2547,-0.6211,0.0111000000000001,-0.2151
"371",-0.4417,-0.2596,NA,-0.411,-0.3703,-0.4663,NA,-0.03,-0.6228,-0.1727,-0.2156
"372",-0.2631,-0.4439,-0.4602,-1.8418,-0.3724,-0.6272,-0.2241,-0.2552,-0.6246,-0.1731,-0.2161
"373",-0.2643,-0.445,-0.3151,-0.4142,0.5772,-0.6625,-0.2247,-0.0299,-0.2562,-0.1735,-0.2167
"374",-0.4446,-0.261,-0.4624,-0.4162,-0.3776,-0.6151,-0.2254,-0.2556,-0.629,-0.1739,-0.1887
"375",-0.087,-0.4466,-0.3179,-0.4183,-0.3797,-0.5283,-0.226,-0.0298,-0.6308,-0.1743,-0.2177
"376",-0.6253,-0.4476,-0.3203,-0.4203,0.5695,-0.6502,-0.2266,-0.0295000000000001,-0.2626,-0.1746,-0.1896
"377",-0.0896999999999999,-0.0763,-0.2511,-0.4223,-0.3849,-0.5947,-0.2272,-0.256,-0.6353,-0.175,-0.2186
"378",-0.2706,-0.4488,-0.397,1.0049,-0.3871,-0.5972,NA,-0.0294000000000001,-0.2673,-0.1754,-0.2191
"379",-0.4497,-0.4498,-0.3982,-0.4273,0.5617,-0.696,-0.2278,-0.2564,-0.6397,-0.1758,-0.104
"380",-0.6286,-0.0774000000000001,-0.3994,-0.4293,-1.3428,-0.5385,-0.1235,-0.2569,-0.6415,-0.1762,-0.2196
"381",-0.0942999999999998,NA,-0.3304,-0.4314,-0.3937,-0.6071,-0.0194000000000001,0.6544,-1.0127,-0.1765,-0.2201
"382",-0.2748,-0.265,NA,-0.4334,-0.3958,-0.5412,NA,-0.2588,-0.2747,-0.1769,-0.2206
"383",0.0787,-0.2657,-0.4024,-0.4355,0.5527,-0.5762,-0.0202,-0.0151000000000001,-0.2777,-0.1773,-0.2212
"384",-0.1036,-0.452,-0.4036,-1.8664,-1.3513,-0.5435,-0.2288,-0.0149000000000001,-0.6498,-0.1777,-0.2217
"385",-0.2815,-0.2668,-0.3354,-0.4388,-0.4024,-0.5445,-0.0209999999999999,-0.2592,-0.6516,0.01,-0.2222
"386",-0.4574,-0.0813000000000001,NA,-0.4409,-0.4046,-0.4778,NA,-0.2597,-0.2843,-0.178,-0.2228
"387",-0.2833,-0.4537,-0.4757,-0.4429,-0.4068,-0.4786,-0.2295,-0.0151000000000001,-2.1307,-0.1784,-0.2233
"388",-0.4592,-0.2687,NA,-1.8741,-1.3592,-0.4794,-0.2301,-0.0148000000000001,-0.2869,-0.1788,-0.166
"389",-0.2852,-0.4553,-0.3382,-0.4463,-0.4103,-0.6463,NA,-0.0145000000000002,-0.2899,-0.1791,-0.2241
"390",0.2374,-0.4563,-0.272,-0.4483,-1.3628,-0.5488,-0.0218,-0.26,-1.0298,0.00960000000000005,-0.2246
"391",-0.2911,-0.083,-0.3447,-1.8797,-1.3644,-0.6851,-0.2308,-0.2605,-0.6625,0.00950000000000006,-0.2252
"392",-0.2923,-0.271,NA,-0.4517,-1.3659,-0.5524,NA,-0.0148000000000001,-0.6643,-0.1795,-0.2257
"393",-0.2936,-0.2717,-0.4139,-0.4538,-0.4166,-0.5883,-0.2314,-0.0145000000000002,-0.2975,0.00930000000000009,-0.1679
"394",-0.4661,-0.4584,-0.4818,-0.4559,-0.4188,-0.6248,NA,NA,-0.6689,0.0092000000000001,-0.2265
"395",-0.4669,-0.2728,-0.5497,-0.458,-0.4209,-0.4857,-0.232,-0.2608,-0.3024,-0.1799,-0.227
"396",-0.2961,-0.46,-0.416,-0.4601,-1.3738,-0.4865,-0.2326,-0.0145000000000002,-0.6735,-0.0856,-0.2275
"397",-0.2974,-0.461,-0.4172,-0.4622,-0.4245,-0.5572,NA,-0.0142,-0.6753,-0.1804,-0.228
"398",-0.2987,-0.0864,-0.4855,-1.8936,-0.4267,-0.593,-0.1278,-0.014,-0.3092,0.00849999999999995,-0.1698
"399",-0.4709,-0.2751,-0.3517,-0.4656,-0.4289,-0.5595,-0.0232999999999999,-0.2611,-0.6799,0.00839999999999996,-0.2288
"400",-0.3006,-0.2757,-0.2874,-0.4677,-0.4312,-0.5605,-0.2335,-0.2616,-0.3142,-0.1808,-0.2293
"401",-0.4727,-0.4631,-0.4892,-0.4698,0.5172,-0.6657,NA,-0.0142,-0.3173,-0.1812,-0.2299
"402",-0.6447,-0.4641,-0.4901,-0.4719,-0.4366,-0.5637,-0.2341,-0.2621,-0.3205,-0.1816,-0.2304
"403",-0.3027,-0.2772,-0.425,-0.474,-0.4389,-0.5647,-0.1294,0.2343,-1.0564,0.1031,-0.2309
"404",-0.4751,-0.4656,-0.5579,-0.4761,0.5089,-0.4951,-0.235,-0.0115000000000001,-0.6911,-0.1819,-0.2314
"405",-0.3046,-0.4666,-0.4264,-0.4783,0.5052,-0.7062,-0.0248999999999999,-0.0113000000000001,-1.0596,-0.1823,-0.1718
"406",-0.477,-0.4676,-0.4276,-1.9096,-0.4476,-0.6414,-0.2356,-0.0110000000000001,-0.6941,-0.0868,-0.2322
"407",-0.6491,-0.279,-0.4288,-0.4817,-0.4499,-0.5705,NA,-0.0108000000000001,-1.0628,-0.1828,-0.2327
"408",NA,NA,NA,-0.4839,0.4968,-0.4983,NA,NA,NA,NA,NA
"409",-0.65,-0.2796,-0.5619,-0.486,-1.4039,-0.5718,0.0796999999999999,-0.2621,-1.0642,-0.1831,-0.2332
"410",-0.4788,-0.2803,-0.5628,-0.4881,-0.4569,-0.6453,-0.0257000000000001,-0.2626,-2.167,-0.1835,-0.1736
"411",-0.4796,-0.281,NA,-0.4903,-0.4592,-0.6479,-0.2363,-0.2631,-0.6982,-0.1838,-0.234
"412",-0.4804,-0.4706,-0.4971,-0.4924,0.487,-0.6875,-0.2369,-0.2637,-0.3325,-0.1842,-0.2345
"413",-0.6538,-0.4715,-0.4311,-0.4946,-1.4127,-0.6164,-0.2375,-0.2642,-0.7029,0.0081,-0.235
"414",-0.4817,-0.2824,-0.3656,-0.4968,-0.4662,-0.6558,0.0794000000000001,-0.0117,-0.3376,-0.1846,-0.2055
"415",-0.3095,-0.473,-0.3681,-0.4989,-0.4685,-0.6584,-0.238,-0.2646,-0.3408,0.00790000000000002,-0.2359
"416",-0.6565,-0.0929,-0.5017,-0.5011,-0.4708,-0.5835,NA,-0.2651,-0.344,-0.1849,-0.2364
"417",-0.1377,-0.4741,-0.5684,-0.5033,0.4747,-0.5844,-0.2386,-0.2656,-0.7132,0.00780000000000003,-0.2369
"418",-0.1408,-0.4751,-0.5693,-0.5054,0.4708,-0.5083,NA,NA,-0.3492,-0.1853,NA
"419",-0.6583,-0.0940000000000001,-0.3709,-0.5076,-0.4799,-0.6624,-0.2392,-0.2661,-0.7179,-0.1857,-0.2374
"420",-0.1436,-0.4762,-0.4392,-0.5098,-1.4289,-0.5875,-0.2398,-0.2666,-0.3544,-0.0892999999999999,-0.2379
"421",-0.1467,-0.0954000000000002,-0.4404,-1.9405,-0.4837,-0.5112,NA,NA,NA,NA,NA
"422",-0.3198,-0.4772,-0.4416,-0.5134,-1.4326,-0.512,-0.2404,-0.2671,-0.3577,0.00710000000000011,-0.2384
"423",-0.491,-0.0968,-0.5739,-1.9442,-0.4875,-0.5127,-0.241,-0.2676,-1.0901,-0.1862,-0.2389
"424",-0.3217,-0.4783,-0.3772,-0.5169,-2.3831,-0.5895,-0.2415,-0.0131000000000001,-1.4561,-0.1865,-0.2394
"425",-0.4928,-0.4793,-0.3798,-1.9478,-1.4375,-0.5146,NA,-0.0128000000000001,-2.1875,-0.1869,-0.2399
"426",-0.1537,-0.4802,-0.4469,-0.5205,-0.492,-0.5908,NA,NA,NA,NA,NA
"427",-0.664,-0.2894,-0.3836,-0.5227,-0.4944,-0.78,0.0811999999999999,-0.0126000000000002,-0.7272,-0.1872,-0.2086
"428",-0.4954,-0.2901,-0.514,-0.525,-0.4967,-0.7535,NA,-0.2679,-0.7291,0.00669999999999993,-0.2408
"429",-0.4962,-0.2908,-0.3866,0.9014,0.4476,-0.6388,-0.2421,-0.2684,-1.0964,-0.1876,-0.1777
"430",-0.1575,-0.1002,-0.3891,-0.5304,-0.5026,-0.5993,-0.2427,-0.2689,-0.3666,-0.188,-0.2416
"431",-0.4983,-0.2923,-0.3917,-0.5327,-0.505,-0.5184,-0.1349,-0.0130000000000001,-0.735,-0.1883,-0.2421
"432",-0.3301,-0.4832,-0.5811,-0.5349,-0.5073,-0.7636,-0.2435,-0.2693,-0.3719,-0.1887,-0.2426
"433",0.00620000000000021,-0.4842,-0.4567,-0.5371,0.436,-0.6877,-0.2441,NA,-0.3752,-0.189,-0.243
"434",0.1665,-0.4851,-0.3955,-1.9671,-0.5132,-0.6903,-0.2447,-0.0130000000000001,-0.7427,0.00619999999999998,-0.2435
"435",-0.3395,-0.486,-0.4599,-0.5408,-1.4606,-0.693,-0.2452,-0.2697,-0.3806,-0.1894,-0.244
"436",-0.6689,-0.1018,-0.3994,-0.543,-0.5171,-0.6522,-0.2458,-0.2702,-2.2019,-0.1897,-0.2445
"437",-0.5053,-0.2952,-0.402,-1.9729,-1.4645,-0.5232,-0.0275000000000001,-0.2707,-0.7475,-0.1901,-0.245
"438",-0.506,-0.4876,-0.344,-0.5467,0.424,-0.6538,-0.2464,-0.0135000000000001,-0.3855,-0.1904,-0.2127
"439",-0.1775,-0.2962,-0.5863,-0.549,-1.4691,-0.5251,-0.1376,-0.2711,-0.7524,-0.1908,-0.2459
"440",-0.1806,-0.2969,-0.2897,-0.5513,-0.5261,-0.6987,0.0802,-0.0134000000000001,-0.7543,-0.1911,-0.2464
"441",-0.0207999999999999,-0.2976,-0.3578,-0.5535,-0.5286,-0.7014,-0.1381,-0.2715,-1.4828,0.1041,-0.2138
"442",0.1334,-0.4899,NA,-0.5558,-1.4752,-0.7482,-0.2475,-0.0134000000000001,-0.7569,-0.1914,-0.2472
"443",-0.3549,0.0859000000000001,NA,0.8691,0.4119,-0.5283,-0.2481,-0.2719,-0.3953,-0.1918,-0.2477
"444",-0.6723,0.0829000000000004,-0.4751,-0.5615,0.4078,-0.7529,-0.2486,-0.2724,-0.7618,0.00639999999999996,-0.1485
"445",-0.198,-0.3004,-0.3091,-1.9903,-0.5397,-0.7122,-0.2492,-0.0136000000000001,-0.7638,-0.1921,-0.2483
"446",-0.2012,-0.3011,-0.4804,-0.5652,-0.5422,-0.807,-0.2497,-0.2728,-0.4029,-0.1925,-0.2488
"447",-0.3609,-0.4915,-0.375,-1.994,-1.4875,-0.5306,-0.2503,-0.2733,-0.7687,-0.1928,-0.2493
"448",-0.5184,-0.3021,-0.4846,-1.9956,-2.4321,-0.5313,-0.2508,-0.2738,-1.133,0.1057,-0.2498
"449",-0.5192,-0.4929,-0.4858,-0.5704,-1.4902,-0.532,0.0808,-0.2743,-1.1343,-0.1932,-0.2174
"450",-0.52,-0.3031,-0.4355,-0.5727,-1.4918,-0.7674,-0.03,-0.2748,-1.1357,-0.1935,-0.218
"451",-0.2074,-0.4943,-0.5911,-0.575,-2.4368,-0.6767,-0.2515,-0.0145000000000002,-0.7742,-0.1938,-0.251
"452",-0.0547999999999997,-0.113,-0.438,-2.0037,-2.4381,-0.6303,NA,-0.2752,-0.7762,-0.1942,-0.2515
"453",-0.5238,-0.3049,-0.5927,-0.5788,-1.4956,-0.5355,-0.252,-0.0145000000000002,-0.7782,-0.1945,-0.252
"454",-0.2163,-0.4958,-0.3386,-0.5812,-1.4972,-0.5362,-0.2526,-0.0143000000000002,-0.7802,-0.1949,-0.2524
"455",0.0867999999999998,-0.4967,-0.4957,-0.5835,-1.4988,-0.6794,NA,-0.014,-0.4199,-0.1952,-0.2529
"456",-0.2274,-0.4976,NA,-0.5859,-0.5563,-0.7762,-0.0307999999999999,-0.0138,-0.4234,-0.1955,-0.2534
"457",-0.38,-0.4985,-0.5455,-2.014,-0.5589,-0.7813,-0.0315000000000001,-0.2753,-1.1496,-0.0947,-0.2539
"458",-0.2323,-0.4994,-0.5463,-2.0156,-0.5614,-0.7863,-0.2533,-0.0137,-0.7895,-0.196,-0.2543
"459",-0.3836,-0.3074,-0.5471,-0.5912,-0.5639,-0.5398,-0.2538,-0.0135000000000001,-0.7915,-0.1964,-0.2548
"460",-0.2372,-0.308,-0.3516,-2.0194,-0.5664,-0.5405,-0.2544,-0.2757,-0.7935,0.00580000000000003,-0.2553
"461",-0.0935999999999999,0.0764,-0.503,-0.595,-1.512,-0.5412,-0.1436,-0.0135000000000001,-1.1566,-0.1967,-0.2557
"462",-0.5357,-0.1181,-0.5975,-2.0232,-1.5136,-0.7409,-0.2551,-0.0132000000000001,-0.7967,-0.197,-0.2562
"463",-0.3914,-0.3104,-0.4577,-0.5989,0.3711,-0.8441,-0.2557,-0.0130000000000001,-0.4377,-0.1974,-0.1175
"464",-0.3928,-0.5016,-0.5065,-0.6013,-0.5759,-0.5945,-0.0330999999999999,-0.2759,-1.1624,-0.1977,-0.2566
"465",-0.1051,-0.5025,-0.3696,-0.6037,-0.5785,-0.6983,-0.145,-0.0130000000000001,-0.803,0.1071,-0.2239
"466",-0.683,-0.3117,-0.512,0.8194,-0.581,-0.7515,-0.2565,-0.2763,-0.8051,-0.198,-0.2574
"467",0.0310999999999999,-0.5039,-0.5133,-0.6096,-0.5836,-0.6501,0.0767000000000002,-0.0129000000000001,-0.8071,-0.1983,-0.2579
"468",-0.4029,-0.1207,-0.4712,-2.0367,-1.5278,-0.651,-0.1458,-0.0127000000000002,-1.1695,-0.1987,-0.2584
"469",-0.4043,-0.3136,-0.474,-0.6135,-0.5878,-0.86,-0.2573,1.0441,-0.8104,0.00609999999999999,-0.2588
"470",-0.545,-0.5053,-0.4348,-2.0405,-0.5904,-0.869,-0.1466,-0.2786,-1.1727,0.00600000000000001,-0.2256
"471",-0.1272,-0.1229,-0.4408,-0.6174,-0.593,-0.713,-0.2581,0.00679999999999992,-1.1741,-0.199,-0.1256
"472",-0.2723,-0.1244,-0.4859,-0.6199,-1.5366,-0.6595,0.0752000000000002,-0.279,-0.8149,-0.1994,-0.2596
"473",-0.4122,-0.3162,-0.4887,-2.0466,-1.5382,-0.8258,-0.1473,-0.2795,-0.817,-0.1997,-0.2601
"474",-0.5498,-0.5069,-0.5289,-0.6238,-0.5989,-0.5508,-0.1478,-0.2799,-0.819,-0.2,-0.2605
"475",-0.6871,-0.3172,-0.5302,-2.0504,-1.5423,-0.5515,-0.2591,0.00629999999999997,-1.5411,0.1085,-0.261
"476",-0.1407,-0.1274,-0.4199,-0.6278,-0.6031,-0.5522,-0.2597,0.00639999999999996,-0.8217,0.1099,-0.1641
"477",-0.418,-0.5083,-0.5706,-0.6303,-1.5463,-0.7748,-0.2602,-0.2803,-0.8238,0.00740000000000007,-0.2616
"478",-0.5539,-0.319,-0.5016,-0.6327,-1.548,-0.5537,-0.2607,-0.2808,-1.1859,-0.2003,-0.262
"479",-0.2853,-0.5097,-0.5385,-0.6352,-1.5496,-0.5544,-0.2613,0.00609999999999999,-0.8271,-0.2006,-0.2625
"480",-0.556,-0.32,-0.5398,-2.0611,-0.6107,-0.5551,-0.2618,-0.2812,-1.1892,-0.201,-0.1993
"481",-0.2892,-0.511,-0.5411,-0.6392,-1.5537,-0.722,-0.0377000000000001,-0.2816,-1.5506,-0.2013,-0.2632
"482",-0.5581,-0.5118,-0.5088,-0.6417,-1.5554,-0.5568,-0.1504,-0.2821,-1.1914,-0.2016,-0.2637
"483",-0.2932,-0.3213,-0.5444,-0.6442,-1.5571,-0.5575,NA,-0.2825,-0.4717,-0.202,-0.2641
"484",-0.5602,-0.3219,-0.6111,-0.6467,-0.6183,-0.5582,NA,NA,NA,NA,NA
"485",-0.693,-0.3226,-0.513,-0.6492,-1.5612,-0.6689,-0.2626,-0.283,-0.4754,-0.2023,-0.2011
"486",-0.6939,-0.3232,-0.5158,-0.6517,-1.5628,-0.5599,-0.2632,-0.2834,-0.8385,-0.2026,-0.2648
"487",-0.2966,-0.3238,-0.6131,-0.6543,-0.6244,-0.8894,-0.2637,-0.2839,-1.1999,-0.2029,-0.2028
"488",NA,-0.3245,-0.5186,NA,NA,-0.8423,-0.1517,0.00469999999999993,-0.8419,-0.2033,-0.2655
"489",-0.4317,-0.5153,-0.5524,-0.6568,-0.6271,-0.6758,NA,0.0048999999999999,-0.4848,-0.2036,-0.266
"490",-0.4331,-0.1347,-0.5537,-0.6593,-1.5694,-0.6767,NA,-0.2842,-0.8472,-0.2039,-0.2664
"491",-0.5654,-0.5163,-0.5857,-0.6619,-1.5711,-0.5633,-0.1521,0.00479999999999992,-0.8493,-0.2042,-0.2669
"492",-0.1729,-0.1361,-0.5865,-0.6644,-1.5728,-0.564,-0.2647,-0.2846,-0.8514,-0.0992,-0.2673
"493",-0.6971,-0.3274,-0.5253,-0.667,-0.6348,-0.8488,0.0716999999999999,-0.2851,-0.8536,-0.2047,-0.1732
"494",-0.698,-0.328,-0.5886,-2.0903,-1.5769,-0.5652,-0.2652,0.00459999999999994,-0.4978,-0.205,NA
"495",-0.439,-0.5181,-0.559,-0.6711,0.3002,-0.6234,-0.2657,0.00469999999999993,-0.8589,-0.2053,-0.2679
"496",-0.5699,-0.329,-0.4999,-0.6737,0.2955,-0.854,-0.2663,-0.2854,-0.8611,-0.2057,-0.2684
"497",-0.441,-0.5194,-0.6208,-0.6763,-1.5853,-0.5673,NA,NA,NA,NA,NA
"498",-0.5717,-0.5203,-0.6217,0.7414,-2.525,-0.7427,-0.2668,0.8762,-0.8632,-0.206,-0.2688
"499",-0.4431,-0.1396,-0.5639,-0.6827,-1.5881,-0.569,-0.2673,NA,-0.8654,-0.2063,-0.2692
"500",-0.7026,-0.5212,-0.5361,-0.6853,-0.6516,-0.9774,-0.1543,0.3167,-0.8675,-0.2066,-0.2697
"501",-0.574,-0.3315,-0.6239,-0.6879,-1.5923,-0.8111,-0.268,0.3204,-1.226,-0.2069,NA
"502",-0.3157,-0.3321,-0.5389,-0.6905,-0.6561,-0.753,-0.0416000000000001,0.0188999999999999,-0.871,-0.2073,-0.2701
"503",-0.3192,-0.3327,-0.5418,-0.6931,-0.6589,-0.5709,-0.2686,-0.286,-1.2293,-0.2076,-0.2706
"504",-0.3227,-0.1434,-0.5448,-0.6958,-0.6617,-0.7547,NA,-0.2865,-0.8744,-0.2079,NA
"505",-0.4525,-0.5235,-0.5477,-0.6984,-1.6015,-0.8789,-0.2691,-0.2869,-0.8766,-0.2082,-0.2394
"506",-0.4539,-0.1447,-0.5506,-0.701,-1.6032,-0.8222,NA,0.0184,-0.8788,-0.2085,-0.2714
"507",-0.3297,-0.3353,-0.5536,-0.7037,-1.6049,-0.8252,-0.2697,0.3243,-0.881,-0.2088,-0.2718
"508",-0.5823,-0.5248,-0.6043,-0.7064,-0.6698,-0.8283,NA,0.0204,-0.8831,-0.2092,-0.2723
"509",-0.0843000000000003,-0.5257,-0.581,-0.709,-0.6726,-0.8314,-0.2702,0.328,-0.5302,-0.2095,-0.1769
"510",-0.5852,-0.5265,-0.6062,-0.7117,-0.6755,-0.8344,-0.2707,-0.2869,-2.3066,-0.2098,-0.2421
"511",-0.4643,-0.5273,-0.5829,-0.7144,-1.6142,-0.6423,-0.0425,0.0221,-0.8885,-0.2101,-0.2732
"512",-0.4657,-0.1464,-0.608,-2.1332,-0.6801,-0.5782,NA,0.0222,-0.8907,-0.2104,NA
"513",-0.588,-0.3381,-0.561,-0.7188,-1.6185,-0.5789,-0.0430999999999999,0.0223,-0.893,-0.2107,-0.2736
"514",-0.2257,-0.5287,-0.587,-0.7215,-1.6203,-0.5795,-0.2713,0.0224,-0.8952,-0.211,-0.2741
"515",-0.2334,-0.5295,-0.5883,-0.7242,-1.622,-0.5802,-0.2718,0.3322,-0.8974,-0.2114,-0.2745
"516",-0.5923,-0.5303,-0.6123,-0.7269,-0.6883,-0.5808,-0.2723,-0.287,-0.8996,-0.2117,-0.2749
"517",-0.5931,-0.1483,-0.6131,-0.7297,-0.6912,-0.9014,-0.2728,-0.2875,-1.2553,-0.212,-0.2439
"518",-0.5938,-0.3405,NA,-0.7324,-0.6941,-0.582,-0.2733,0.0238999999999998,-1.6102,-0.2123,-0.2445
"519",-0.2425,-0.5317,-0.568,-0.7352,-0.697,-0.5826,-0.2738,0.0239999999999998,-0.5499,NA,-0.2761
"520",-0.5963,-0.5325,-0.6374,-2.152,-1.634,-0.5833,NA,NA,-0.9071,-0.2126,-0.2453
"521",-0.4817,-0.1503,-0.5708,-0.7396,0.2324,NA,NA,NA,-0.5565,-0.2129,-0.2769
"522",-0.253,-0.5334,-0.5738,-0.7424,-1.6393,-0.8418,-0.0441,0.0241,-0.5605,-0.2132,-0.2461
"523",-0.3739,-0.5342,-0.5976,-2.1586,-5.3743,-0.5847,-0.0447,0.0242,-2.3225,-0.2135,-0.2467
"524",-0.4894,-0.3432,-0.6402,-0.7469,-0.7076,-0.5854,-0.2745,-0.2877,-0.5641,-0.2138,-0.2472
"525",-0.4909,-0.5354,-0.5782,-0.7497,-0.7105,-0.586,NA,0.0239999999999998,-0.9195,0.1116,-0.2784
"526",-0.4923,-0.3442,-0.6013,-0.7525,-0.7135,-0.5867,-0.275,0.0241,-1.2728,-0.2141,-0.2788
"527",-0.6044,-0.5366,-0.6424,-0.7553,-1.6489,-0.5873,-0.2755,0.0242,-0.9231,-0.2144,NA
"528",-0.4944,-0.5374,-0.6432,-0.7581,-0.7183,-0.9729,-0.276,-0.2881,-0.5746,-0.2147,-0.2792
"529",-0.4958,-0.1527,-0.644,-0.7609,-0.7213,-0.7196,-0.2765,-0.2885,-0.9289,-0.215,-0.2797
"530",-0.3873,-0.5383,-0.6031,-0.7638,-1.656,-0.589,-0.0457000000000001,-0.2889,-0.9311,-0.2153,-0.2801
"531",-0.3909,-0.154,-0.6044,NA,-1.6578,-0.5896,-0.277,-0.2894,-0.9334,-0.2156,-0.2805
"532",-0.5023,-0.3473,-0.6057,-0.7666,-0.728,-0.9174,NA,-0.2898,-0.9357,-0.2159,NA
"533",-0.3964,-0.5397,-0.6473,-2.1804,-0.7311,-0.7901,-0.1619,0.0231999999999999,-1.2871,0.113,-0.2809
"534",-0.2938,-0.5404,-0.5665,-0.7712,0.1968,-0.5917,-0.2777,-0.2902,-0.9394,-0.2162,-0.2814
"535",NA,NA,NA,-0.7741,-0.7385,-0.5924,-0.2782,-0.2906,-0.9417,0.1144,-0.1859
"536",-0.5101,-0.3486,-0.5731,0.6333,-0.7416,-0.7257,0.0687000000000002,-0.2911,-1.2926,0.00490000000000013,-0.2819
"537",-0.4079,-0.5416,-0.6139,-0.7812,-0.7446,-0.7267,NA,0.0226,-0.5968,-0.2165,-0.2823
"538",-0.4116,-0.5424,-0.6152,-0.7841,-0.7477,-0.595,-0.0470999999999999,-0.2914,-0.601,-0.2168,-0.2516
"539",-0.7197,-0.1566,-0.6499,-0.787,-1.6792,-0.9924,-0.1632,0.0225,-2.3411,-0.2171,-0.2831
"540",-0.415,-0.5433,-0.6507,-0.7899,-1.6811,-0.799,-0.279,0.0226,-0.6048,-0.2174,-0.1902
"541",-0.5193,-0.351,NA,-0.7929,-0.7546,-0.8687,0.0672000000000001,-0.2918,-0.6091,-0.2177,-0.2537
"542",-0.621,-0.3516,-0.6342,0.612,-0.7577,-0.5975,NA,-0.2922,-0.9595,0.00439999999999996,NA
"543",-0.5215,-0.3522,-0.6175,-0.8001,-0.7609,-0.5981,-0.2795,0.0223,-0.9618,-0.218,-0.284
"544",-0.6228,-0.1603,-0.6532,-0.8031,NA,-0.8035,-0.28,-0.2926,-0.9642,-0.2183,-0.2844
"545",-0.6235,-0.1618,-0.619,-2.2123,-0.764,-0.9422,-0.2805,-0.293,-0.6214,-0.2186,-0.2848
"546",-0.5242,-0.3544,NA,-2.2141,-0.7671,-0.9481,-0.281,0.0218999999999998,-0.6257,-0.2189,-0.255
"547",-0.6253,-0.546,-0.6204,-0.8097,0.156,-1.0247,0.0680000000000001,0.0221,-0.6301,-0.2192,-0.2555
"548",-0.4266,-0.3553,-0.6217,-0.8127,-1.7003,-0.7454,-0.2815,0.0222,-0.6345,-0.2195,-0.286
"549",-0.5289,-0.5471,-0.623,-0.8157,0.1485,-1.1084,-0.1652,0.0223,-0.9811,-0.2198,-0.2864
"550",-0.5304,-0.3562,-0.6079,-0.8187,-1.706,-0.7507,-0.1656,0.0224,-0.9835,-0.2201,-0.2566
"551",-0.4342,-0.5483,-0.611,-0.8217,-0.7835,-0.9763,-0.1661,0.0225,-0.6444,-0.2204,-0.2871
"552",-0.6309,-0.5491,-0.6141,-0.8248,-0.7867,-0.6023,-0.2826,-0.2932,-2.3529,-0.2207,-0.2875
"553",-0.5351,-0.3575,-0.6172,-0.8278,-0.7899,-0.9822,-0.2831,0.0224,-0.9895,-0.221,-0.288
"554",-0.6327,-0.166,-0.6332,-0.8309,-0.7932,-1.1424,-0.2836,0.0225,-0.992,-0.109,-0.2884
"555",-0.5372,-0.5504,-0.6601,-0.8339,-0.7964,-1.0005,-0.1673,-0.2936,-0.9944,0.00290000000000012,-0.2275
"556",-0.4429,-0.5511,-0.6609,-0.837,-0.7997,-0.603,-0.2843,0.0224,-0.9969,-0.2214,-0.259
"557",-0.6359,-0.5519,-0.6083,-0.8401,-0.8029,-1.0065,-0.2848,0.0225,-0.6594,-0.2217,-0.2894
"558",-0.5419,-0.5526,-0.6267,-0.8432,-0.8062,-0.931,-0.2852,0.0226,-1.3421,0.00259999999999994,-0.2898
"559",-0.732,-0.5534,-0.6299,-0.8463,-0.8095,-1.0992,-0.1686,-0.2939,-1.0045,-0.222,-0.2902
"560",-0.6381,-0.1668,NA,-0.8494,0.1076,-1.026,-0.2859,-0.2943,NA,NA,-0.2906
"561",-0.4495,-0.3612,-0.6131,-0.8525,-1.7371,-0.8614,NA,0.0222,-1.007,0.1149,-0.291
"562",-0.2661,-0.5547,-0.6622,0.5447,-0.8197,-0.8631,NA,NA,NA,NA,NA
"563",-0.4622,-0.5554,-0.6405,-0.8603,-1.7419,-1.1231,-0.2864,0.0223,-0.671,-0.2222,-0.2914
"564",-0.555,-0.3625,-0.637,-0.8634,-1.7439,-0.7826,-0.2869,0.0225,-1.0132,-0.2225,-0.2918
"565",-0.5565,-0.5565,-0.639,-0.8666,-0.8272,-0.7836,0.0651000000000002,0.0226,-1.0157,-0.2228,-0.2922
"566",-0.6461,-0.3634,-0.6566,-0.8698,-0.8306,-0.8724,-0.2874,-0.2946,-0.6813,-0.2231,-0.2616
"567",-0.5586,-0.364,-0.6585,-0.873,-1.7516,-0.6096,NA,0.0224,-0.6859,-0.2234,-0.293
"568",-0.6478,-0.3646,-0.6645,-0.8762,-1.7536,-0.6103,-0.17,-0.2949,-2.3669,-0.2237,-0.2934
"569",-0.7364,-0.3652,-0.6643,-0.8794,-1.7556,-0.9623,-0.2881,0.0223,-1.3614,0.1161,-0.2938
"570",-0.4727,-0.3658,-0.665,-0.8827,-0.8403,-0.7887,NA,0.0224,-1.0272,-0.2239,-0.2942
"571",-0.5635,-0.5592,-0.6662,-2.2819,-0.8437,-0.9668,NA,-0.2953,-0.6945,0.00350000000000006,-0.2946
"572",-0.6515,-0.56,-0.6675,-0.8879,-0.8472,-1.0596,-0.2885,0.0223,-1.0336,-0.2242,-0.295
"573",-0.6522,-0.367,-0.6674,-0.8912,-0.8506,-0.9757,-0.289,-0.2957,-0.7021,-0.2245,-0.2954
"574",-0.5663,-0.5611,-0.6681,-0.8945,-1.7693,-0.9792,NA,NA,NA,NA,NA
"575",-0.5678,-0.3679,-0.6694,-0.8977,-1.7713,-0.799,-0.2895,0.0222,-0.7069,-0.2248,-0.2958
"576",-0.3979,-0.5622,-0.6748,-0.901,-0.8584,-0.708,-0.2899,-0.296,-2.3733,-0.2251,-0.2962
"577",-0.5733,-0.3689,-0.6766,-0.9044,-1.7763,-0.617,NA,-0.2965,-0.7111,-0.2254,-0.2966
"578",-0.5748,-0.3694,-0.6779,-0.9077,-1.7783,-0.6176,NA,NA,NA,NA,NA
"579",-0.5764,-0.5637,NA,-0.911,-0.8662,-0.8924,-0.2904,0.0218999999999998,-0.7159,-0.2257,-0.297
"580",-0.66,-0.3704,-0.6839,-0.9144,-0.8697,NA,-0.2909,NA,-0.7207,-0.226,-0.2974
"581",-0.6607,-0.1771,-0.6816,-0.9177,-0.8733,-0.986,-0.2913,0.0219999999999998,-1.0557,-0.2263,-0.2978
"582",-0.5792,-0.5649,-0.7003,0.4702,-1.7893,-0.8047,NA,0.0221,-0.7285,-0.2265,-0.2982
"583",-0.5807,-0.5657,-0.6709,0.4643,-0.879,-0.9906,-0.2918,0.0222,-0.7334,-0.2268,-0.2656
"584",-0.6635,-0.3723,-0.6717,-0.931,-0.8826,-1.1806,-0.2923,-0.2967,-1.3943,-0.2271,-0.2989
"585",-0.5829,-0.3729,-0.6965,-0.9345,-0.8861,-1.0972,-0.2927,-0.2971,-1.0678,0.00239999999999996,-0.2335
"586",-0.5844,-0.3735,-0.6908,-0.9379,-0.8897,-1.297,-0.0538000000000001,-0.2976,-0.7429,-0.2274,-0.2996
"587",-0.5056,-0.5675,-0.7015,-0.9414,-1.8035,-1.0181,-0.2932,0.0215999999999998,-1.0746,0.1172,-0.3
"588",-0.5886,-0.5683,-0.6741,-0.9448,-1.8056,-0.9217,-0.2937,-0.2979,-0.7509,-0.2276,-0.3004
"589",-0.5901,-0.3747,-0.7047,-0.9483,-0.8978,-1.3254,-0.2942,-0.2983,-1.0813,-0.2279,-0.3007
"590",-0.6698,-0.5693,-0.708,-0.9518,-0.9015,-0.6214,-0.2946,0.0212999999999999,-0.759,-0.2282,-0.2682
"591",-0.6705,-0.1812,-0.6994,-0.9553,-0.9051,-1.1379,-0.2951,0.0213999999999999,-1.7361,0.00280000000000014,-0.3015
"592",-0.6712,-0.5702,-0.7251,-0.9588,-0.9088,-0.9358,-0.2955,-0.2987,-1.0888,-0.2285,-0.3019
"593",-0.6719,-0.3767,-0.7185,-0.9624,-0.9125,-1.2524,-0.296,0.0212999999999999,-1.0915,-0.2288,-0.2693
"594",-0.6726,-0.5713,-0.677,-0.9659,-0.00909999999999989,-1.1579,-0.2964,0.0213999999999999,-1.7409,-0.2291,-0.3026
"595",-0.5166,-0.1832,-0.707,-0.9695,-0.9216,-1.1651,-0.1759,0.0214999999999999,-1.4185,-0.2293,-0.303
"596",-0.5976,-0.3783,-0.7084,-2.3561,-0.9254,-0.9527,-0.2971,-0.299,-1.0965,0.00229999999999997,-0.3034
"597",-0.5991,0.00819999999999999,-0.7252,-0.9752,-0.9291,-0.9547,-0.1765,0.0213999999999999,-0.7761,-0.2296,-0.1708
"598",-0.6768,-0.3797,-0.6797,-0.9788,-0.9329,-0.6251,-0.2978,NA,-1.1034,-0.2299,-0.3038
"599",-0.6775,-0.5728,-0.7284,-2.3643,-1.8403,-0.8464,NA,0.0214999999999999,-1.4279,-0.2302,-0.3041
"600",-0.602,-0.1877,-0.6809,-0.9847,-0.939,-0.6267,-0.2982,0.0215999999999998,-0.7861,-0.2305,-0.3045
"601",-0.4519,-0.5736,-0.7316,-0.9883,-0.0399999999999998,-1.1782,-0.2987,-0.2993,-1.112,-0.2307,-0.3049
"602",-0.4604,-0.5743,NA,0.3887,-0.0466,-1.2971,-0.1778,-0.2997,-1.1147,0.1182,-0.3053
"603",-0.5404,-0.575,-0.735,-0.9973,-0.9541,-0.6272,-0.1782,-0.3001,-0.7977,-0.231,-0.3057
"604",-0.5443,-0.5757,-0.7384,-1.001,-0.958,-0.6279,NA,NA,NA,NA,NA
"605",-0.5482,-0.3826,-0.7418,-1.0047,-0.9619,-1.1956,-0.1786,0.0210999999999999,-0.8029,-0.2313,-0.3061
"606",-0.6874,-0.3831,-0.6834,-2.3862,-0.9658,-1.203,-0.2997,-0.3004,-1.1261,0.1194,-0.3065
"607",-0.6881,-0.3837,-0.7451,-1.0108,-0.9697,-1.2106,-0.3002,-0.3008,-1.1289,-0.2315,-0.3068
"608",-0.5535,-0.3843,-0.7485,-1.0145,-0.9736,-0.6291,-0.0585,0.0206999999999999,-1.1317,0.1206,-0.3072
"609",-0.6903,-0.3849,-0.7296,-1.0183,-0.9776,-0.6298,-0.0590999999999999,-0.3012,-0.818,-0.2317,-0.3076
"610",-0.6245,-0.5783,-0.7084,-1.022,-0.9816,-0.6304,-0.3008,-0.3016,-1.1389,0.00380000000000003,-0.2749
"611",-0.4941,-0.579,-0.7768,-1.0258,-1.8811,-0.9826,-0.0597000000000001,-0.302,-1.1418,0.00380000000000003,-0.2425
"612",-0.6939,-0.1925,-0.7599,-1.0296,-0.9881,-1.2199,-0.3013,-0.3024,-0.8301,-0.232,-0.244
"613",-0.5033,-0.5798,NA,-1.0334,-0.9921,-0.9893,-0.3017,-0.3028,-0.8355,-0.2323,-0.3088
"614",-0.7582,-0.3871,-0.687,-1.0373,-0.9961,-0.9913,NA,0.0196999999999998,-0.8409,-0.2326,-0.3092
"615",-0.697,-0.5808,-0.7883,-1.0411,-1.0002,-1.2331,-0.3021,-0.3032,-2.4038,-0.2329,-0.3096
"616",-0.6977,-0.388,-0.7147,-1.045,-5.4677,-0.634,-0.3026,-0.3036,-1.1577,-0.2331,-0.3099
"617",NA,-0.00190000000000001,-0.7695,-1.0489,-1.8968,-0.7557,NA,NA,NA,NA,NA
"618",NA,-0.00429999999999975,-0.7729,-1.0528,-1.8991,-0.7565,NA,NA,NA,NA,NA
"619",-0.6365,-0.1983,-0.6893,-1.0567,-0.1164,-1.2408,NA,0.0193999999999999,-0.8492,-0.2334,-0.3103
"620",-0.5766,-0.1997,-0.7763,-1.0607,-1.015,-1.0037,-0.0606,-0.3039,-0.8548,-0.2337,-0.3107
"621",-0.7009,-0.3915,NA,-2.4336,-1.0191,-0.6374,NA,NA,NA,NA,NA
"622",-0.6414,-0.2018,-0.7798,-1.0671,-0.1333,-1.3736,NA,-0.3043,-1.1696,-0.2339,-0.2786
"623",-0.464,-0.5825,NA,-1.0711,-1.0294,-1.3872,-0.0610999999999999,-0.3047,-1.1725,0.1214,-0.3114
"624",-0.5927,-0.5832,-0.7524,-1.0751,-1.9215,-1.019,NA,0.0188999999999999,-0.8672,-0.2342,-0.2793
"625",-0.5967,-0.3934,-0.7539,-1.0791,-1.0362,-1.1488,-0.1823,-0.3051,-1.1801,-0.2345,-0.2798
"626",-0.708,-0.394,-0.6923,-1.0831,-1.9274,-0.6386,-0.3033,-0.3055,-1.183,-0.2347,-0.3124
"627",-0.655,-0.5846,-0.6931,-1.0872,-1.0431,-0.8961,-0.3038,-0.3059,-1.4922,-0.235,-0.3128
"628",-0.6035,-0.5853,-0.7556,-1.0912,-1.0474,-0.6401,NA,-0.3063,NA,NA,-0.2808
"629",-0.7631,-0.2044,NA,-1.0953,-0.1664,-1.5389,-0.3042,0.992500000000001,-0.8817,-0.2353,-0.3135
"630",-0.7116,-0.2057,-0.6945,-1.0994,-1.9419,-0.6396,NA,-0.307,-1.4973,-0.2355,-0.3138
"631",-0.6601,-0.5862,-0.6953,-1.1036,-1.0607,-1.0345,-0.3047,-0.3074,-0.8893,-0.2358,-0.3142
"632",-0.6617,-0.2069,-0.7573,0.2544,-1.9479,-0.641,-0.3051,0.0263,-1.1987,-0.2361,NA
"633",-0.6633,-0.587,-0.6967,-1.1138,-1.0677,-1.3001,NA,NA,NA,NA,NA
"634",-0.6649,-0.3979,-0.6975,-1.118,-1.0721,-1.4416,-0.3055,-0.3077,-1.2018,-0.2363,-0.282
"635",-0.7165,-0.3985,-0.6982,-2.4816,-1.0766,-0.6413,-0.306,-0.3081,-1.5075,0.1225,-0.3149
"636",-0.6671,-0.399,NA,-2.4839,-1.081,-0.913,-0.3064,-0.3085,-1.2066,-0.2366,-0.3153
"637",-0.7182,-0.0212999999999997,-0.699,-1.1274,-1.0854,-0.6429,-0.3068,-0.3089,-1.2097,-0.2368,-0.283
"638",-0.7685,-0.2119,-0.6997,0.2265,-1.0899,-1.1852,-0.3073,-0.3093,-1.2127,-0.2371,-0.2835
"639",-0.6695,-0.401,-0.8186,-1.138,-1.0944,-1.4624,-0.3077,-0.3097,-0.915,NA,-0.3163
"640",-0.7204,-0.4016,-0.7948,-1.1423,-1.0989,-0.9213,-0.3081,-0.31,-1.2206,-0.2374,-0.2843
"641",-0.573,-0.4021,-0.7333,-1.1466,-1.9798,-1.2003,-0.3086,0.0247999999999999,-0.9245,-0.2376,-0.2848
"642",-0.6759,-0.5899,-0.799,-1.151,NA,-1.2047,-0.309,0.0248999999999999,-1.2285,-0.2379,-0.2853
"643",-0.6775,-0.2155,-0.702,-1.1553,-1.1063,-1.0682,-0.3094,-0.3104,-1.2317,-0.2382,-0.2858
"644",-0.5871,-0.5906,-0.7691,-1.1597,-1.1109,-0.9291,-0.1866,0.0247999999999999,-0.9379,-0.2384,-0.2863
"645",-0.727,-0.2167,-0.7705,-1.1641,-1.1155,-1.0716,-0.31,-0.3107,-1.2397,-0.2387,-0.3182
"646",-0.7277,-0.2179,-0.7381,-1.1686,-1.1201,NA,-0.1873,-0.3111,NA,NA,-0.3186
"647",-0.5973,-0.5915,-0.8404,-1.173,-1.9975,-0.7899,-0.0648,0.0245,-1.833,-0.239,-0.2873
"648",-0.689,-0.4057,-0.7407,-1.1775,-1.1276,-1.0742,-0.3107,-0.3114,-1.2436,0.1234,-0.2878
"649",-0.6498,-0.2199,-0.7771,-1.182,-2.0039,-0.6496,-0.0653999999999999,-0.3118,-1.5415,0.1246,-0.3196
"650",-0.6539,-0.5927,-0.8148,-1.1865,-1.1352,-1.2185,NA,NA,NA,NA,NA
"651",-0.658,-0.4072,-0.7439,-1.191,-1.14,-1.0799,-0.1885,-0.3122,-0.9542,-0.2392,-0.3199
"652",-0.6621,-0.4078,-0.7075,-1.1956,-0.2751,-1.3693,-0.1889,0.0238999999999998,-0.9603,-0.2394,-0.2258
"653",-0.7017,-0.4083,-0.7082,-1.2002,-2.0197,-0.9421,-0.1893,-0.3125,-1.5507,-0.2397,-0.3204
"654",NA,NA,NA,NA,NA,NA,-0.1897,-0.3129,-1.5524,-0.2399,-0.3208
"655",-0.7033,-0.4089,-0.7455,-2.55,-1.1547,NA,-0.312,NA,-1.5541,-0.2402,-0.3211
"656",-0.705,-0.4095,-0.8193,-1.2076,-1.1595,-0.6525,-0.3124,-0.3133,-0.9725,-0.2405,-0.2907
"657",-0.7403,-0.41,-0.7852,-2.5563,-1.1643,-1.3789,-0.1906,-0.3137,-1.2691,0.1256,-0.2912
"658",-0.741,-0.4106,-0.8627,-1.2152,-1.1692,-1.6813,-0.313,-0.314,-0.9826,-0.2407,-0.2917
"659",-0.7417,-0.2265,-0.7906,-2.5626,-1.1741,-1.1034,-0.1912,-0.3144,-1.2775,-0.241,-0.2922
"660",-0.7087,-0.4118,-0.7921,-1.2227,-0.3156,-1.2567,-0.3136,-0.3148,-0.9929,-0.2412,-0.2927
"661",-0.7435,-0.4124,-0.7121,-1.2275,-1.1862,-0.6531,NA,-0.3152,NA,-0.2415,NA
"662",-0.7442,-0.2293,-0.7936,-1.2322,-0.3302,-1.7169,NA,NA,-1.5726,-0.2417,-0.3231
"663",-0.7117,-0.4136,-0.7951,-1.237,-1.1986,-1.4305,-0.3141,NA,NA,NA,-0.2934
"664",-0.7459,-0.2313,-0.7141,-1.2418,-2.0621,-1.4396,-0.3145,-0.3155,-1.0013,-0.242,-0.2939
"665",-0.6814,-0.4148,-0.7967,-1.2466,-1.2068,-1.2894,-0.1924,-0.3159,-1.0077,0.00360000000000005,-0.2944
"666",-0.748,-0.5974,-0.7155,-1.2514,-1.2119,-0.6528,-0.3151,0.0218999999999998,-2.1501,-0.2423,-0.3243
"667",-0.78,-0.2333,-0.7983,-1.2563,-2.0731,NA,-0.3155,NA,-2.4353,-0.2425,-0.3247
"668",-0.7175,-0.4163,-0.7998,-1.2612,-1.2202,-1.1338,-0.3159,-0.3162,-1.8672,-0.2428,-0.325
"669",-0.6882,-0.4169,-0.8012,0.0686,-1.2253,-0.6542,-0.1935,NA,-1.014,0.00320000000000009,-0.3254
"670",-0.722,-0.4174,-0.7182,-2.6064,NA,NA,-0.3165,-0.3166,-1.0205,-0.243,-0.2959
"671",-0.7236,-0.2368,-0.7189,-1.2764,-1.2305,-1.1362,NA,0.0214999999999999,-1.027,-0.2433,NA
"672",-0.6967,-0.4186,-0.9281,-2.6132,-1.2358,-0.6556,-0.3169,0.0215999999999998,-1.0336,-0.2436,-0.3261
"673",-0.7552,-0.5996,-0.719,-1.2845,-1.241,-0.6562,-0.1944,-0.3169,-1.3198,-0.2438,-0.2966
"674",-0.6744,-0.6003,NA,-1.2895,-1.2463,-0.978,NA,NA,NA,NA,NA
"675",-0.7578,-0.4198,-0.9424,-1.2946,-1.2516,-0.6577,-0.0722,-0.3173,-1.0443,-0.2441,-0.3267
"676",-0.7585,-0.4203,-0.8622,-1.2997,NA,-0.9793,-0.3176,-0.3176,-1.6063,-0.2443,NA
"677",-0.7344,-0.4209,-0.7682,-1.3048,-1.2569,-0.9804,-0.318,-0.318,-1.0532,-0.2446,-0.3271
"678",-0.7361,-0.6019,-0.964,-1.31,-1.2623,-0.6601,-0.3184,-0.3184,-1.336,-0.2448,-0.2975
"679",-0.7849,-0.2409,-0.7195,-1.3151,-1.2677,-1.7843,-0.3188,-0.3187,-1.0642,0.00239999999999996,-0.298
"680",-0.7617,-0.4224,-0.8235,-1.3203,-0.4272,-0.8236,NA,NA,NA,NA,NA
"681",-0.7384,-0.4229,-0.8249,-0.0017999999999998,-2.1252,-0.6601,-0.3192,-0.3191,-1.071,-0.2451,-0.328
"682",-0.7168,-0.6033,-0.7215,-1.3333,-1.2845,-1.317,-0.3196,-0.3195,-1.0778,-0.2454,-0.2988
"683",-0.6989,-0.4238,-0.8789,-0.0173999999999999,-1.2901,-1.3219,-0.3201,0.0199999999999998,-1.356,-0.2456,-0.2993
"684",NA,NA,NA,NA,NA,NA,-0.3205,0.0202,-1.3596,-0.2459,-0.2998
"685",-0.7275,-0.2443,NA,-1.3464,-1.2956,-0.8279,-0.3209,0.0203,-1.0934,-0.2461,-0.3002
"686",-0.75,-0.4249,NA,-0.0333000000000001,-1.3012,-0.9948,-0.3213,0.0204,-1.1004,-0.2464,-0.3007
"687",-0.7517,-0.4255,-0.7225,-1.3597,-1.3068,-0.8296,-0.3217,-0.3197,-1.6414,-0.2466,-0.3299
"688",-0.7362,-0.426,-0.7763,-1.3652,-2.1508,-1.4952,-0.3221,-0.32,-1.1097,-0.2469,-0.3302
"689",-0.7404,-0.4266,-0.883,-1.3707,-0.4781,-1.1684,-0.3225,-0.3204,-1.1168,-0.2471,-0.3306
"690",-0.7447,-0.6057,-0.7244,-0.0625,-0.4882,-0.8334,-0.3229,-0.3207,-1.124,-0.2474,-0.3019
"691",-0.7618,-0.4274,-0.8327,-1.3843,-1.3328,-1.0027,-0.3233,-0.3211,-1.1312,-0.2476,-0.3024
"692",-0.7635,-0.428,-0.8886,-1.3899,-1.3386,-0.6665,-0.3237,0.0193999999999999,-1.1384,-0.1234,-0.3029
"693",-0.7651,-0.4285,-1.0031,-1.3955,-1.3444,-1.1725,-0.3241,-0.3214,-1.4052,0.000800000000000134,-0.3318
"694",-0.7334,-0.6073,-0.9013,-1.4012,-3.0119,-0.6679,-0.1993,-0.3218,-1.409,0.1252,-0.3322
"695",-0.7574,-0.4293,-1.0246,-0.0992999999999999,-0.5214,NA,-0.3247,NA,-1.1549,-0.248,-0.2179
"696",-0.7823,-0.4299,-0.851,-1.4153,-1.3608,-1.1749,-0.3251,-0.3221,-2.1879,-0.2482,-0.3326
"697",-0.7884,-0.4304,NA,-1.4211,-1.3668,-0.6692,-0.3255,-0.3225,-1.1621,-0.2485,-0.3329
"698",-0.7664,-0.6089,-0.7256,-0.1234,-1.3728,-1.3465,-0.0750999999999999,0.0186999999999999,-1.1695,0.00120000000000009,-0.3059
"699",-0.7754,-0.4312,-0.9791,-1.4354,-1.3788,-1.1812,-0.3259,0.0187999999999999,-1.177,0.00120000000000009,-0.3335
"700",-0.7873,-0.4318,-0.7915,-1.4413,-1.3849,-1.1836,-0.3263,-0.3228,-1.1846,-0.2487,-0.3339
"701",-0.788,-0.4323,-0.8574,-1.4473,-1.391,-0.6717,-0.3267,-0.3231,-1.1922,-0.249,-0.3342
"702",-0.7897,-0.4329,NA,-1.4532,-2.2189,-0.6723,-0.2014,-0.3235,-1.1999,-0.2492,-0.3346
"703",-0.7878,-0.4334,-0.9248,-2.7561,-2.2221,-0.6729,-0.3273,-0.3238,-1.455,-0.2495,-0.3073
"704",-0.7881,-0.6111,-0.9955,-0.1665,-0.5843,-1.357,-0.3277,1.7296,-1.459,0.000700000000000145,-0.3078
"705",-0.7955,-0.4342,-0.7277,-1.4718,-2.2325,-1.018,-0.2023,-0.3256,-1.2173,-0.2497,-0.3355
"706",-0.7966,-0.4348,-0.7284,-1.4779,-1.4179,-1.1913,-0.3282,-0.326,-1.2252,-0.1247,-0.3085
"707",-0.7983,-0.4353,-0.866,NA,NA,-0.6755,-0.3286,-0.3263,-1.4756,-0.2501,-0.3361
"708",-0.8,-0.6127,-0.9365,-1.4841,-1.4242,-0.6761,-0.329,-0.3266,-1.238,-0.2503,-0.2819
"709",-0.8067,-0.6133,-0.9403,-1.4903,-2.2459,-1.5385,-0.3294,-0.327,-1.246,-0.2506,-0.3367
"710",-0.7981,NA,-0.8729,-1.4965,-1.4345,-1.1996,NA,0.0353999999999999,-1.254,-9.9999999999989e-05,-0.3102
"711",-0.8052,-0.4364,NA,-1.5028,-1.441,-1.377,-0.3298,-0.3273,-1.2621,-0.2508,-0.2574
"712",-0.8069,-0.4369,-0.9462,-1.5091,-1.4474,-0.6778,NA,-0.3276,-1.2703,NA,NA
"713",-0.8164,-0.6146,-1.023,-2.8011,-1.4539,-1.558,-0.3302,-0.328,-1.2785,-0.000199999999999978,-0.3375
"714",-0.8023,-0.4378,-1.0315,-1.5194,-1.4605,-1.39,-0.3306,-0.3283,-1.2868,-0.2511,-0.3121
"715",-0.803,-0.4383,-0.8082,-1.5258,-0.6587,-0.6787,-0.3309,-0.3287,-1.5249,-0.2513,-0.3125
"716",-0.8406,-0.6158,-1.0406,-1.5322,-2.2829,-0.6793,-0.3313,0.3978,-1.3004,-0.2516,-0.3384
"717",-0.8061,-0.4391,NA,-1.5387,-1.4809,-1.3948,-0.0780000000000001,0.4002,-1.3088,-0.2518,-0.3133
"718",-0.8196,-0.6168,-0.8903,-1.5452,-1.4876,-1.4001,-0.3318,0.0369999999999999,-2.2185,-0.252,-0.339
"719",-0.8347,-0.6174,-0.9718,-1.5518,-1.4944,-1.7678,-0.0785,NA,-1.317,-0.2523,-0.2632
"720",-0.8241,-0.2625,-0.7324,-1.5584,-0.6997,-1.4169,-0.2055,-0.3286,-1.3255,-0.2525,-0.2663
"721",-0.8258,-0.0862999999999996,-0.9756,-1.5651,-1.5112,-1.7932,-0.3324,-0.329,-1.3341,-0.2528,-0.3396
"722",-0.8114,-0.4414,-0.8974,-1.5718,-1.5181,-1.6225,NA,0.0366,-2.4439,-0.253,-0.3165
"723",-0.812,-0.6184,-0.899,-1.5785,-2.3214,-0.6794,-0.3328,-0.3293,-2.0038,-0.2533,-0.3169
"724",-0.829,-0.619,-0.9005,-1.5853,-0.7337,-1.2514,-0.2064,0.0365,-1.7843,-0.00129999999999986,-0.3174
"725",-0.8306,-0.4425,-0.9021,-1.5921,-1.5397,-0.6807,-0.3333,0.0365,-2.4472,-0.2535,-0.3408
"726",-0.8148,-0.443,-0.7357,-1.599,-1.5468,-1.6359,-0.3337,0.0366,-1.3449,-0.2537,-0.3181
"727",-0.8507,-0.0900999999999996,-0.9038,-1.6059,-1.5539,-1.4533,-0.3341,-0.3295,-1.3536,-0.254,NA
"728",-0.8169,-0.444,-0.8212,-1.6129,-1.5611,-1.6532,-0.3344,0.0365,-1.3624,-0.2542,NA
"729",-0.8176,-0.4446,-0.9903,-1.6199,-0.7808,-1.0743,-0.3348,-0.3299,-1.3713,-0.2545,-0.2957
"730",-0.8182,-0.4451,-0.9942,-1.627,-1.579,-1.2721,-0.3352,0.0363,-1.3802,-0.2547,-0.3417
"731",-0.8381,-0.4456,-0.7383,-1.6341,-1.5864,-1.0775,NA,-0.3302,NA,NA,NA
"732",-0.8994,-0.6214,-0.998,-1.6412,-0.8117,-1.4737,-0.3356,-0.3305,-1.3893,-0.1284,-0.2972
"733",-0.8457,-0.4464,-1.002,-1.6484,-2.3843,-1.4794,-0.336,-0.3308,-1.6078,-0.00229999999999997,-0.3204
"734",-0.8234,-0.6223,-0.7396,-1.6557,-1.6094,-2.0857,-0.081,0.0356999999999998,-1.6125,-0.1287,-0.3208
"735",-0.8721,-0.4472,-1.1828,-0.4071,-1.617,-1.2966,-0.0813999999999999,-0.3312,-1.4099,-0.00259999999999994,-0.3213
"736",-0.851,-0.6233,-0.7395,-1.6737,-1.6246,-0.6831,-0.3364,0.0355999999999999,-1.4191,-0.2552,-0.3431
"737",-0.8266,-0.448,-1.0151,-1.6811,-1.6323,-0.6838,-0.3368,-0.3315,-1.4284,-0.2554,-0.3434
"738",-0.8796,-0.0972999999999997,-1.112,-1.6886,-1.64,-1.5043,-0.0821000000000001,0.77,-1.4378,-0.2556,-0.3222
"739",-0.8287,-0.449,-0.9305,-1.6961,-1.6478,-1.9228,-0.0825,-0.3316,-1.4472,-0.2559,-0.344
"740",-0.8294,-0.2747,-0.7409,-1.7037,-0.8864,-1.3128,-0.3373,-0.332,-1.8515,-0.00299999999999989,-0.3229
"741",-0.83,-0.2758,-0.9321,-1.7113,-1.6672,-1.9467,NA,0.0385,-1.46,-0.2561,-0.3446
"742",-0.803,-0.6246,-0.8379,-2.9629,-1.6752,-1.7524,-0.3376,-0.3323,-1.6644,-0.2563,-0.3449
"743",-0.8585,-0.6252,-0.8386,-1.7238,-1.6832,-0.6832,-0.338,-0.3326,-1.4757,-0.2566,-0.3238
"744",-0.8321,-0.6258,-0.7435,-1.7316,-1.6913,-0.6838,-0.3384,-0.3329,-1.677,-0.2568,-0.3243
"745",-0.9453,-0.6264,-1.2218,-1.7394,-1.6995,-0.6845,NA,0.0378999999999998,-1.8724,0.1233,-0.3037
"746",-0.8353,-0.2767,-0.7435,-1.7473,-1.7077,-0.6852,-0.3387,-0.3333,-1.4949,-0.257,-0.346
"747",-0.899,-0.6271,-0.7442,-2.9916,NA,-0.6858,-0.3391,-0.3336,-1.6926,0.1244,NA
"748",-0.8374,-0.6277,-0.7449,-1.7601,-0.9596,-1.3312,-0.2114,0.0375999999999999,-1.5111,-0.2572,-0.3257
"749",-0.9041,-0.6283,-1.0397,-3.002,-1.7281,-1.334,-0.3397,-0.3339,-1.5211,-0.00209999999999999,-0.3262
"750",-0.8739,-0.4533,-0.8451,-1.7732,-1.7366,-0.6876,-0.34,-0.3342,-1.5312,0.1255,-0.2862
"751",-0.8054,-0.4538,-0.9451,-1.7813,-1.7451,-1.553,-0.3404,0.0371999999999999,-1.5413,-0.2574,-0.3085
"752",-0.8756,-0.6295,-0.9467,-1.7895,-1.7536,-1.1238,-0.3408,-0.3345,-1.7295,-0.2576,-0.3285
"753",-0.8773,-0.2791,-1.0487,-1.7977,-1.7622,-0.6893,-0.2127,-0.3348,-1.7347,-0.2579,-0.3476
"754",-0.8069,-0.6302,-0.9511,-1.806,-1.7709,-1.1252,-0.3413,-0.3352,-1.5647,-0.2581,-0.3479
"755",-0.8076,-0.2801,-0.7484,-1.8143,-1.7796,-0.6907,-0.085,-0.3355,-1.5751,-0.2583,-0.3294
"756",-0.8084,-0.456,-0.7492,-1.8227,-1.7884,-1.7795,-0.3417,-0.3358,-2.4394,-0.2586,-0.3485
"757",-0.914,-0.6312,-0.7499,-1.8312,-1.7973,-1.131,-0.3421,0.0362,-1.5844,-0.1304,-0.3488
"758",-0.8819,-0.2819,-1.1556,-1.8398,-1.8063,-0.6919,NA,-0.3361,-2.4399,-0.2589,NA
"759",-0.8836,-0.6319,-0.9573,-1.8484,-1.8153,-1.3524,NA,-0.3364,-1.7632,NA,-0.3491
"760",-0.8475,-0.2829,-0.7509,-1.857,-2.5574,-1.576,-0.3424,0.0358999999999998,-1.6004,-0.2591,NA
"761",-0.9238,-0.4583,-1.0629,-0.6525,-1.83,-1.5821,-0.3428,-0.3367,-1.6111,-0.2594,-0.2927
"762",-0.9281,-0.6328,-1.067,-0.6683,-1.8392,-0.6935,-0.3432,-0.3371,-1.6219,-0.00269999999999992,-0.3316
"763",-0.851,-0.459,-0.7521,-1.8915,-1.8485,-0.6942,-0.3435,-0.3374,-1.6328,-0.2596,-0.3321
"764",-0.9332,-0.4596,-0.9648,-1.9005,-1.8578,-1.5877,-0.3439,0.0353999999999999,-1.6437,-0.2598,-0.3325
"765",-0.9374,-0.634,-0.7533,-1.9095,-2.5911,-0.6951,-0.3442,-0.3377,-1.8112,-0.2601,-0.333
"766",-0.8981,-0.2861,-0.8603,-0.7172,-1.1502,-2.267,-0.3446,0.7817,-1.8169,0.1256,-0.3335
"767",-0.8998,-0.4609,-0.9672,-1.932,-1.8869,-1.8406,-0.345,-0.3378,-1.669,-0.2602,-0.3509
"768",NA,-0.2879,-0.7553,-1.9413,-1.8965,-2.3162,-0.3453,0.0383,-1.8313,-0.2605,NA
"769",NA,NA,-0.9689,-1.9507,-1.1907,-2.3492,-0.2161,-0.3381,-2.1363,-0.2607,-0.317
"770",-0.9015,-0.462,-1.1847,-3.1522,-1.2081,-1.657,NA,NA,-1.6888,-0.2609,NA
"771",-0.9032,-0.6353,-1.1936,-1.966,-2.6436,-1.42,0.0423,-0.3385,-1.7002,-0.2612,-0.3349
"772",-0.8586,-0.6359,-0.7561,-1.9756,-1.9409,NA,-0.2162,-0.3388,-2.4347,-0.2614,-0.3517
"773",-0.8592,-0.6365,-0.8681,-1.9852,-1.951,-0.6902,-0.346,-0.3391,-1.7102,-0.2616,-0.3356
"774",-0.8599,-0.4633,-0.7575,-3.1795,-1.9611,-2.3992,-0.3463,0.0375999999999999,-1.7218,-0.2619,-0.3523
"775",-0.8606,-0.2903,-0.9801,-2.001,-1.9713,-1.1873,-0.3467,-0.3394,-1.8736,0.1264,-0.3198
"776",-0.8612,-0.4644,-0.7587,-2.0108,-1.9816,-1.6875,-0.3471,0.0373999999999999,-1.7409,-0.262,-0.3529
"777",-0.9087,-0.6378,-1.0932,-3.1998,-2.6884,-1.1919,-0.3474,-0.3397,-1.7527,-0.2623,-0.3532
"778",-0.8629,-0.4652,NA,-3.2047,-1.9985,-0.6904,-0.3478,-0.34,-1.7646,-0.2625,-0.3213
"779",-0.9112,-0.6386,-0.9847,-2.0332,-2.009,-1.6957,-0.0879000000000001,0.0370999999999999,-1.7766,-0.2627,-0.3537
"780",-0.8646,-0.4659,-0.9863,-2.0432,-1.3289,-0.6912,-0.3482,-0.3403,-1.7887,-0.2629,-0.354
"781",-0.8652,-0.4664,-1.2154,-2.0534,-2.0349,-1.702,-0.3485,-0.3406,-1.8009,-0.133,-0.3385
"782",-0.8659,-0.2941,-0.9923,-2.0636,-2.0457,-1.9629,NA,-0.3409,-1.9359,-0.1332,-0.2922
"783",-0.9152,-0.2951,-0.994,-2.0739,-2.7387,-0.6915,-0.3489,-0.3412,-1.8211,-0.2634,-0.3261
"784",-0.9169,-0.468,-0.9956,-2.0843,-2.0635,-1.7185,-0.2188,-0.3415,-2.0703,-0.00360000000000005,-0.3411
"785",-0.9186,-0.4685,-0.9972,-2.0948,-2.0745,-1.7253,-0.3494,-0.3419,-1.838,-0.2636,-0.3416
"786",-0.9709,-0.6405,-0.9989,-2.1053,-2.0856,-0.6924,-0.0891999999999999,-0.3422,-1.9653,-0.2638,-0.3554
"787",-0.9231,-0.4693,-1.0005,-2.116,-1.4233,-1.9915,-0.3498,0.0357999999999998,-1.8587,-0.264,-0.3422
"788",-0.872,-0.4698,-1.1216,-3.2825,-2.113,-2.0045,-0.3501,-0.3425,-1.8714,-0.00390000000000001,-0.3294
"789",-0.9255,-0.6416,-1.2465,-2.1334,-2.1244,-1.2223,-0.3505,-0.3428,-1.8842,-0.2643,-0.3306
"790",-0.8202,-0.6422,-0.7634,-2.1443,-2.1359,-0.6928,-0.3508,-0.3431,-1.8972,-0.004,-0.3441
"791",-0.874,-0.4709,-1.1323,-2.1552,-2.1475,-0.6935,-0.3512,-0.3434,-1.9102,-0.2645,-0.3446
"792",-0.8747,-0.4714,-0.7643,-3.3134,-2.1591,-1.4888,-0.3515,-0.3437,-2.0221,-0.00409999999999999,-0.3569
"793",-0.9288,-0.4719,NA,-2.1733,-2.1709,NA,-0.0902000000000001,1.5501,-2.1259,-0.00419999999999998,-0.3452
"794",-1.0926,-0.6436,-0.765,-2.1844,-2.1828,-0.6946,-0.0905,-0.3443,-1.9366,-0.2647,-0.3103
"795",-1.0503,-0.6442,-1.383,-2.1957,-2.1947,-1.4919,-0.3519,-0.3446,-1.95,-0.2649,-0.347
"796",-0.8805,-0.4729,-1.2728,-2.207,-2.2068,-1.4951,-0.3523,-0.3449,-1.9634,-0.2652,-0.3578
"797",-0.8812,-0.4734,-0.7647,-2.2185,-2.8647,-1.7657,-0.3526,-0.3452,-1.977,-0.2654,-0.3581
"798",-0.8818,-0.3025,-0.7654,-3.3629,-2.2267,-0.6963,-0.353,-0.3455,-1.9907,-0.2656,-0.3584
"799",-0.8228,-0.4744,-1.2808,-2.2373,NA,-0.697,-0.3533,NA,-2.0045,-0.2658,-0.3481
"800",-0.9422,-0.4749,-0.7659,-3.3777,-2.239,-1.2348,-0.3536,-0.3458,-2.0183,-0.2661,-0.359
"801",-0.9439,-0.6459,-1.1587,-2.2564,-2.2515,-0.6984,-0.354,-0.3461,-2.0323,-0.2663,-0.3488
"802",-0.9456,-0.4757,-0.8988,-2.2683,-2.264,-2.0422,-0.3543,-0.3464,-2.0464,-0.2665,-0.3389
"803",-1.0088,-0.3056,-1.2958,-2.2802,-1.6436,-1.2413,-0.3547,0.0430999999999999,-2.3341,-0.2667,-0.3499
"804",-0.8872,-0.4767,-0.7672,-2.2922,-1.666,-1.7861,-0.355,0.0430999999999999,-2.0601,-0.267,-0.36
"805",-0.9509,-0.3073,-1.0361,-2.3044,-2.3131,-2.3401,-0.0920000000000001,-0.3467,-2.0744,-0.00529999999999986,-0.3506
"806",-0.9526,-0.6472,-1.3072,-1.2029,-2.9475,-0.698,-0.3554,0.0428999999999999,-2.2135,-0.2672,-0.3606
"807",-0.8256,-0.478,-1.1793,-2.3342,-2.3345,-2.6397,-0.3557,-0.347,-2.094,-0.2674,-0.3416
"808",-0.9543,-0.3089,-0.7683,-1.2401,-1.731,-1.828,-0.3561,-0.3473,-2.2248,-0.2676,-0.3519
"809",-1.0207,-0.6481,-0.769,-2.3647,-4.815,-0.6964,-0.3564,-0.3476,-2.1139,-0.2678,-0.3613
"810",-1.0248,-0.4793,-0.7697,-2.3774,-2.3657,-0.9815,-0.0927,0.0424,-2.1286,-0.2681,-0.3526
"811",-0.894,-0.4797,-0.7704,-3.4866,-2.9886,-1.8353,-0.0931,-0.3479,-2.1434,-0.2683,-0.353
"812",-0.8271,-0.4802,NA,-2.3984,-2.9954,-0.6979,-0.3568,-0.3482,-2.2525,-0.2685,-0.3361
"813",-1.0294,-0.3119,-1.1827,-2.4113,-2.3965,-1.5563,-0.3571,-0.3485,-2.1638,-0.2687,-0.3623
"814",-0.8964,-0.3129,-1.3255,-2.4244,-3.0128,-2.1335,-0.3575,-0.3488,-2.2215,-0.2689,-0.3626
"815",-0.8284,-0.3138,-1.3346,-1.3518,-2.419,-1.8576,-0.2257,-0.3491,-2.2293,-0.2691,-0.3629
"816",-0.8974,-0.4822,-1.2006,-2.4565,-3.0304,-2.1567,-0.226,-0.3494,-2.2755,-0.2694,-0.3632
"817",-0.9665,-0.65,-1.2049,-3.548,-2.4418,-1.8762,-0.3581,-0.3497,-2.2044,-0.2696,-0.3635
"818",-0.899,-0.3154,-1.0631,-1.4023,-3.0482,-0.6977,-0.3585,-0.35,-2.2873,-0.2698,-0.3554
"819",-0.969,-0.4835,NA,-3.5695,-3.0554,-0.6984,-0.3588,0.0408999999999999,-2.2581,-0.27,-0.364
"820",-0.9707,-0.484,-1.0648,-3.5764,-2.474,-1.8828,-0.227,-0.3502,-2.2661,-0.2702,-0.3561
"821",-0.831,-0.3178,-1.2138,-2.5156,-3.0735,-0.699,-0.2274,-0.3505,-2.2458,-0.2704,-0.3646
"822",-1.0427,-0.485,-0.7721,-2.5295,-3.0808,-1.2948,-0.0960000000000001,-0.3508,-2.385,-0.2707,-0.3486
"823",-0.9034,-0.4855,-1.5145,-2.5435,-2.5068,-1.2962,-0.3595,-0.3511,-2.2588,-0.2709,-0.3651
"824",-1.0477,-0.4859,-1.0757,-3.6156,-2.5213,-0.7011,NA,NA,-2.2966,0.1247,NA
"825",NA,NA,NA,-2.5667,-2.536,-1.8937,-0.3598,-0.3514,-2.2849,-0.00650000000000017,-0.3499
"826",-0.8323,-0.3208,-1.535,-1.5282,-2.5507,-1.9012,-0.3601,-0.3517,-2.317,-0.271,-0.3366
"827",-0.833,-0.4869,-1.0837,-2.6013,-2.5655,-0.7017,0.0352999999999999,-0.352,-2.3392,-0.1389,-0.3596
"828",-0.9061,-0.4874,-1.5556,-2.6159,-2.5804,-2.2099,-0.3604,-0.3523,-2.3428,-0.2713,-0.3482
"829",-0.9793,-0.6527,-0.9315,-1.5894,-2.0346,-0.7017,-0.3608,NA,-2.3234,-0.2716,-0.366
"830",-0.9077,-0.6532,-1.0924,-3.6873,-3.1724,-1.3109,NA,-0.3526,-2.3474,-0.2718,NA
"831",-0.9818,-0.4884,-1.4161,-2.661,-3.1802,-2.2261,NA,0.0391999999999999,-2.3502,-0.272,-0.3663
"832",-0.8354,-0.4889,-0.772,-2.676,-2.0854,-2.2407,-0.3611,0.0391999999999999,-2.3684,-0.2722,-0.3666
"833",-0.8361,-0.4894,-0.9357,-2.6911,-2.1122,-2.5659,-0.3614,-0.3528,-2.3769,-0.2724,-0.3455
"834",-0.9101,-0.4898,-0.9364,-2.7063,-2.6802,-0.7002,-0.3618,-0.3531,-2.3854,-0.2726,-0.3669
"835",-0.9842,-0.4903,-1.5896,-2.7216,-3.2332,-1.3306,-0.3621,-0.3534,-2.394,-0.2728,-0.3672
"836",-0.9117,-0.4908,-1.6065,-2.737,-3.2413,NA,-0.3624,NA,-2.4026,-0.273,-0.3544
"837",-0.9124,-0.4913,-1.283,-1.7399,-3.2494,-1.332,-0.3627,-0.3537,-2.4214,-0.2733,-0.3605
"838",-0.913,-0.4918,-1.1156,-2.7743,-2.197,-1.3334,-0.3631,-0.354,-2.4242,-0.2735,-0.3678
"839",-0.9136,-0.4922,-0.9451,-3.7936,-2.7497,-2.283,-0.3634,-0.3543,-2.4329,0.1249,-0.3554
"840",-0.9143,-0.4927,-1.4629,-2.8005,-3.287,-1.9787,-0.3637,-0.3545,-2.4417,-0.2736,-0.3682
"841",-0.9898,-0.4932,-0.9479,-2.8165,-2.7766,-0.702,-0.364,-0.3548,-2.4719,-0.2738,-0.3685
"842",-0.9159,-0.6566,-1.473,-2.8325,-3.8228,-0.7027,0.0358999999999998,0.0377999999999998,-2.4384,-0.00739999999999985,-0.3688
"843",-0.841,-0.3307,-1.1278,-2.8487,-2.7991,-1.665,-0.3643,0.0377999999999998,-2.4156,-0.2741,-0.3597
"844",NA,-0.4944,-0.9517,-2.8649,-2.3057,-1.9903,-0.3647,-0.3551,-2.4711,-0.2743,-0.3679
"845",-0.8417,-0.6575,-1.1303,-2.8813,-2.8385,-2.6456,-0.365,-0.3554,-2.4801,-0.2745,-0.3694
"846",-0.9922,-0.4951,-1.3107,-2.8977,-3.3556,-2.3431,-0.3653,0.0374999999999999,-2.4571,-0.00770000000000004,-0.3697
"847",-0.8427,-0.4956,-1.3151,-2.9143,-2.8665,-1.6954,-0.3656,-0.3556,-2.5278,-0.2747,-0.365
"848",-0.9938,-0.4961,-1.1379,-3.9013,-2.3894,-3.0292,-0.3659,-0.3559,-2.5078,-0.2749,-0.3699
"849",-0.9955,-0.172,-1.504,-2.9421,-2.9067,-1.3765,-0.3663,-0.3562,-2.5169,-0.2751,-0.3703
"850",-1.1504,-0.6588,NA,-2.9589,-3.408,-0.6996,NA,-0.3565,-2.526,-0.2753,-0.3706
"851",-1.001,-0.497,-1.3287,-2.9758,-3.417,-1.3781,-0.3666,-0.3568,-2.4901,-0.2755,-0.3709
"852",-0.8439,-0.4975,-0.7752,-2.0369,-2.4678,-0.701,-0.3669,-0.357,-2.5872,-0.2757,-0.3701
"853",-1.0027,-0.498,-1.1471,-2.0659,-3.4439,-0.7017,-0.3672,-0.3573,-2.6047,-0.2759,-0.372
"854",-0.9246,-0.4984,-1.1488,-3.0396,-3.453,-0.7025,-0.2329,0.0362,-2.5677,-0.2761,-0.3714
"855",-1.0051,-0.3375,-0.7767,-2.1165,-2.9941,-0.7032,-0.3677,0.0363,-2.6343,-0.2763,-0.3745
"856",-0.9262,-0.6604,-1.1506,-2.1458,-3.0116,-2.394,-0.368,-0.3576,-2.652,-0.00869999999999993,-0.3735
"857",-0.8462,-0.4996,-0.7778,-3.1041,-3.0292,-1.3856,-0.3683,-0.3578,-2.6043,-0.2765,-0.3721
"858",-1.0076,-0.6612,-1.5264,-3.1217,-3.0469,-2.4123,-0.3686,-0.3581,-2.6138,-0.2768,-0.3724
"859",-1.0092,-0.5004,NA,-3.1394,-3.0646,-1.3928,-0.3689,-0.3584,-2.6233,-0.277,-0.3727
"860",-1.1744,-0.5008,-0.7782,-3.1571,-3.5295,-1.3943,-0.3692,-0.3587,-2.6328,-0.1431,-0.3777
"861",-0.9308,-0.5013,-1.1568,-3.1749,-3.5389,-2.0876,-0.0993999999999999,-0.359,-2.5661,-0.2773,-0.3754
"862",-1.0154,-0.5018,-0.7793,-3.1927,-3.5484,-2.0959,-0.3696,0.0351999999999999,-2.6483,-0.2775,-0.3733
"863",-0.8478,-0.5022,-0.9693,-3.2106,-3.1193,-0.7036,-0.0997999999999999,0.0352999999999999,-2.6579,-0.2777,-0.3736
"864",-1.0171,-0.182,-0.7806,-4.1276,-3.1372,-0.7044,NA,0.0352999999999999,-2.6675,-0.2779,-0.3808
"865",-0.9337,-0.5029,-1.1594,-3.2411,-3.5854,-1.7536,-0.3699,0.0353999999999999,-2.591,-0.2781,-0.374
"866",-0.9344,-0.5033,-1.1612,-3.2591,-3.1677,-2.1081,-0.1002,-0.3591,-2.7709,-0.2783,-0.3743
"867",-0.8498,-0.3441,-0.7821,-3.2772,-3.1858,-0.7052,-0.3703,-0.3594,-2.697,-0.2785,-0.3775
"868",-1.0203,-0.6636,-1.1629,-3.2953,-3.6226,-0.7059,-0.3706,-0.3597,-2.6121,-0.2787,-0.3779
"869",NA,-0.5045,-0.7832,-4.1921,-3.6324,-0.7067,-0.2358,0.0348999999999999,-2.7128,-0.2789,-0.388
"870",-0.9363,-0.3456,-1.1647,-3.3262,-3.6422,-1.7629,-0.2361,-0.3599,-2.8217,-0.2791,-0.3836
"871",-0.9369,-0.5054,-0.7843,-3.3444,-3.2421,-1.4138,NA,-0.3602,-2.7365,-0.2793,-0.3753
"872",-0.9376,-0.6647,-1.3573,-3.3625,-3.2603,-1.7688,-0.1016,-0.3605,-2.8525,-0.2795,-0.3893
"873",-1.0243,-0.5061,-1.3617,-3.3807,-3.2785,-0.7085,-0.1019,-0.3608,-2.7603,-0.2797,-0.3757
"874",-0.9392,-0.5066,-1.1724,-3.3989,-3.6936,-0.7092,-0.3713,0.0342,-2.7702,-0.2799,-0.376
"875",-0.853,-0.507,-1.1741,-3.4171,-3.7036,-0.71,NA,-0.361,-2.8963,-0.2801,NA
"876",-1.0267,-0.3491,-1.1759,-3.4353,-3.3227,-1.4182,NA,0.0340999999999998,-2.9144,-0.2803,NA
"877",-0.8539,-0.5079,-1.5691,-3.4535,-3.7275,-2.1282,0.0324,-0.3613,-2.808,-0.2805,-0.3865
